2025-09-10T10:49:56,24.2,24.8,23.9,23.5
2025-09-10T10:54:56,23.9,24.5,23.7,23.2
2025-09-10T10:59:56,23.8,24.4,23.6,23.0
2025-09-10T11:04:56,23.8,24.3,23.6,23.1
2025-09-10T11:09:56,23.9,24.5,23.6,23.2
2025-09-10T11:14:56,24.1,24.8,23.9,23.6
2025-09-10T11:19:56,23.9,24.6,23.6,23.2
2025-09-10T11:24:56,24.1,24.6,23.8,23.4
2025-09-10T11:33:20,24.1,24.8,-35.6,23.6
2025-09-10T11:38:20,24.0,25.1,24.2,23.5
2025-09-10T11:43:20,24.4,25.4,24.2,23.4
2025-09-10T11:48:20,24.7,25.2,24.4,23.6
2025-09-10T11:53:20,24.5,25.0,24.1,23.4
2025-09-10T11:58:20,24.5,25.2,24.4,23.4
2025-09-10T12:03:20,24.6,25.1,24.3,23.3
2025-09-10T12:08:20,24.4,25.1,24.4,23.5
2025-09-10T12:13:20,24.4,25.1,24.3,23.4
2025-09-10T12:18:20,24.6,25.4,24.4,23.5
2025-09-10T12:23:20,24.5,25.2,24.5,23.3
2025-09-10T12:28:20,24.5,25.1,24.4,23.4
2025-09-10T12:33:20,24.4,25.0,24.3,23.3
2025-09-10T12:38:20,24.5,25.1,24.3,23.5
2025-09-10T12:43:20,24.5,25.1,24.4,23.3
2025-09-10T12:48:20,24.5,25.1,24.3,23.4
2025-09-10T12:53:20,24.5,25.1,24.3,23.3
2025-09-10T12:58:20,24.6,25.2,24.4,23.6
2025-09-10T13:03:21,24.6,25.3,24.4,23.5
2025-09-10T13:08:21,24.7,25.5,24.6,23.5
2025-09-10T13:13:21,24.8,25.8,25.1,23.7
2025-09-10T13:18:21,25.5,26.3,25.2,23.6
2025-09-10T13:23:21,24.8,25.5,24.7,23.7
2025-09-10T13:28:21,25.2,26.4,25.1,23.9
2025-09-10T13:33:21,25.0,25.9,24.9,23.8
2025-09-10T13:39:24,25.1,26.1,-34.8,23.7
2025-09-10T13:48:26,24.9,25.7,24.6,23.2
2025-09-10T13:53:26,24.7,25.2,24.5,23.5
2025-09-10T13:58:26,25.4,26.3,24.9,23.7
2025-09-10T14:03:26,25.2,25.7,25.0,23.4
2025-09-10T14:14:55,25.0,26.1,-34.6,23.6
2025-09-10T14:19:55,24.8,25.4,24.7,23.4
2025-09-10T14:24:55,24.8,25.2,24.6,23.3
2025-09-10T14:29:55,24.7,25.2,24.5,23.5
2025-09-10T14:34:55,24.6,25.3,24.5,23.5
2025-09-10T14:39:55,24.7,25.2,24.6,23.4
2025-09-10T14:44:55,24.7,25.3,24.6,23.4
2025-09-10T14:49:55,24.6,25.3,24.5,23.5
2025-09-10T14:54:55,24.7,25.3,24.6,23.4
2025-09-10T14:59:55,24.6,25.4,24.5,23.5
2025-09-10T15:04:55,24.6,25.2,24.5,23.4
2025-09-10T15:09:55,24.7,25.4,24.7,23.5
2025-09-10T15:14:55,24.7,25.2,24.5,23.4
2025-09-10T15:19:55,24.7,25.3,24.6,23.4
2025-09-10T15:24:55,24.7,25.1,24.5,23.3
2025-09-10T15:29:56,24.7,25.3,24.6,23.4
2025-09-10T15:34:56,24.8,25.3,24.6,23.4
2025-09-10T15:39:56,24.6,25.0,24.6,23.4
2025-09-10T15:44:56,24.6,25.2,24.3,23.4
2025-09-10T15:49:56,24.6,25.1,24.4,23.3
2025-09-10T15:54:56,24.7,25.0,24.4,23.2
2025-09-10T15:59:56,24.6,25.2,24.3,23.2
2025-09-10T16:04:56,24.5,24.9,24.2,23.2
2025-09-10T16:09:56,24.6,25.0,24.4,23.2
2025-09-10T16:14:56,24.6,25.3,24.8,23.2
2025-09-10T16:19:56,24.8,25.6,24.7,23.3
2025-09-10T16:24:56,24.7,25.2,24.5,23.1
2025-09-10T16:29:56,24.4,24.9,24.3,23.1
2025-09-10T16:34:56,24.5,24.9,24.2,23.1
2025-09-10T16:39:56,24.3,25.0,24.3,23.3
2025-09-10T16:44:56,24.4,24.9,24.2,23.1
2025-09-10T16:49:56,24.5,25.2,24.3,23.2
2025-09-10T16:54:56,24.4,25.1,24.3,23.2
2025-09-10T16:59:56,24.5,25.0,24.3,23.1
2025-09-10T17:04:56,24.4,25.0,24.2,23.1
2025-09-10T17:09:56,24.3,24.9,24.1,23.0
2025-09-10T17:14:56,24.3,24.8,24.2,23.1
2025-09-10T17:19:56,24.3,24.8,24.0,23.1
2025-09-10T17:24:56,24.4,24.8,24.2,23.0
2025-09-10T17:29:56,24.4,24.7,24.1,23.1
2025-09-10T17:34:56,24.3,25.0,24.2,23.0
2025-09-10T17:39:56,24.3,24.8,24.0,22.9
2025-09-10T17:44:56,24.3,24.8,24.1,23.0
2025-09-10T17:49:56,24.2,24.9,24.1,22.8
2025-09-10T17:54:56,24.2,24.8,24.0,22.8
2025-09-10T18:03:23,24.5,25.2,24.4,23.0
2025-09-10T18:08:23,24.2,24.5,24.0,22.8
2025-09-10T18:13:23,24.2,24.4,23.9,22.8
2025-09-10T18:18:23,24.1,24.4,23.9,22.8
2025-09-10T18:23:23,23.9,24.2,23.7,22.7
2025-09-10T18:28:23,23.9,24.5,23.7,22.6
2025-09-10T18:33:23,23.9,24.4,23.6,22.5
2025-09-10T18:38:23,23.9,24.2,23.6,22.6
2025-09-10T18:43:23,23.9,24.3,23.5,22.5
2025-09-10T18:48:23,23.7,24.2,23.4,22.4
2025-09-10T18:53:23,23.7,24.2,23.5,22.5
2025-09-10T18:58:23,23.7,24.1,23.4,22.4
2025-09-10T19:03:23,23.6,24.0,23.4,22.3
2025-09-10T19:08:23,23.5,24.0,23.3,22.3
2025-09-10T19:13:23,23.5,24.1,23.4,22.2
2025-09-10T19:18:23,23.6,23.9,23.3,22.3
2025-09-10T19:23:23,23.5,23.8,23.2,22.2
2025-09-10T19:28:23,23.5,23.9,23.2,22.2
2025-09-10T19:33:23,23.3,23.8,23.2,22.2
2025-09-10T19:38:23,23.4,23.8,23.1,22.2
2025-09-10T19:43:23,23.5,23.6,23.2,22.1
2025-09-10T19:48:23,23.5,23.7,23.2,22.1
2025-09-10T19:53:23,23.4,23.7,23.3,22.0
2025-09-10T19:58:23,23.3,23.7,23.1,22.1
2025-09-10T20:03:23,23.3,23.7,23.0,22.0
2025-09-10T20:08:23,23.2,23.7,23.0,22.0
2025-09-10T20:13:24,23.2,23.7,22.9,22.0
2025-09-10T20:18:24,23.3,23.7,23.0,22.1
2025-09-10T20:23:24,23.2,23.7,23.1,22.1
2025-09-10T20:28:24,23.2,23.6,23.0,22.1
2025-09-10T20:33:24,23.1,23.7,23.0,22.0
2025-09-10T20:38:24,23.2,23.5,22.9,22.0
2025-09-10T20:43:24,23.1,23.5,23.0,22.0
2025-09-10T20:48:24,23.1,23.6,22.8,22.0
2025-09-10T20:53:24,23.1,23.7,22.9,21.9
2025-09-10T20:58:24,23.0,23.6,23.0,22.0
2025-09-10T21:03:24,23.1,23.5,23.0,22.0
2025-09-10T21:08:24,23.0,23.3,22.8,22.0
2025-09-10T21:13:24,23.0,23.5,22.8,21.8
2025-09-10T21:18:24,23.1,23.4,22.8,22.0
2025-09-10T21:23:24,22.9,23.3,22.7,21.9
2025-09-10T21:28:24,22.9,23.4,22.6,21.8
2025-09-10T21:33:24,22.9,23.2,22.6,21.8
2025-09-10T21:38:24,22.9,23.4,22.6,21.8
2025-09-10T21:43:24,22.9,23.3,22.6,21.8
2025-09-10T21:48:24,22.9,23.4,22.7,21.8
2025-09-10T21:53:24,22.9,23.3,22.7,22.0
2025-09-10T21:58:24,22.9,23.3,22.6,21.9
2025-09-10T22:03:24,22.8,23.3,22.7,21.7
2025-09-10T22:08:24,22.8,23.2,22.5,21.8
2025-09-10T22:13:24,22.9,23.3,22.6,22.0
2025-09-10T22:18:24,22.8,23.4,22.6,21.9
2025-09-10T22:23:24,22.8,23.5,22.5,22.0
2025-09-10T22:28:24,23.0,23.5,22.6,21.8
2025-09-10T22:33:24,23.0,23.6,22.7,21.9
2025-09-10T22:38:24,23.1,23.6,22.9,22.0
2025-09-10T22:43:24,23.0,23.5,22.8,21.9
2025-09-10T22:48:25,23.0,23.6,22.8,21.9
2025-09-10T22:53:25,22.9,23.7,22.8,22.1
2025-09-10T22:58:25,23.0,23.6,22.9,22.0
2025-09-10T23:03:25,23.0,23.6,22.8,22.1
2025-09-10T23:08:25,23.0,23.7,22.8,22.0
2025-09-10T23:13:25,23.0,23.6,22.7,21.9
2025-09-10T23:18:25,23.2,23.6,22.7,22.1
2025-09-10T23:23:25,22.9,23.5,22.7,21.9
2025-09-10T23:28:25,22.9,23.6,22.6,22.0
2025-09-10T23:33:25,22.9,23.6,22.7,21.9
2025-09-10T23:38:25,23.0,23.6,22.8,21.9
2025-09-10T23:43:25,23.0,23.6,22.7,22.0
2025-09-10T23:48:25,23.2,23.6,22.9,22.0
2025-09-10T23:53:25,23.3,23.7,23.1,22.0
2025-09-10T23:58:25,23.3,23.6,23.0,22.1
2025-09-11T00:03:25,23.1,23.6,22.7,21.9
2025-09-11T00:08:25,23.1,23.7,22.6,22.0
2025-09-11T00:13:25,23.0,23.7,22.8,22.0
2025-09-11T00:18:25,23.0,23.8,22.7,21.9
2025-09-11T00:23:25,23.1,23.7,23.0,22.0
2025-09-11T00:28:25,23.1,23.6,22.9,21.9
2025-09-11T00:33:25,23.0,23.7,22.7,22.0
2025-09-11T00:38:25,23.1,23.8,22.9,22.0
2025-09-11T00:43:25,22.9,23.6,22.8,22.0
2025-09-11T00:48:25,23.0,23.6,22.9,21.9
2025-09-11T00:53:25,23.1,23.6,23.0,21.9
2025-09-11T00:58:25,23.0,23.6,22.8,21.9
2025-09-11T01:03:25,23.1,23.8,23.1,22.0
2025-09-11T01:08:25,22.9,23.6,22.8,22.0
2025-09-11T01:13:25,23.0,23.7,23.0,22.0
2025-09-11T01:18:26,23.1,23.5,22.8,21.9
2025-09-11T01:23:26,23.1,23.7,22.9,21.9
2025-09-11T01:28:26,23.1,23.6,23.0,22.1
2025-09-11T01:33:26,23.0,23.7,22.8,22.0
2025-09-11T01:38:26,23.0,23.7,22.8,21.9
2025-09-11T01:43:26,23.0,23.6,22.9,22.1
2025-09-11T01:48:26,22.9,23.6,22.9,21.9
2025-09-11T01:53:26,22.9,23.5,22.8,21.9
2025-09-11T01:58:26,23.0,23.6,22.8,21.9
2025-09-11T02:03:26,23.0,23.6,23.0,21.9
2025-09-11T02:08:26,23.1,23.6,23.0,21.9
2025-09-11T02:13:26,23.3,23.6,23.0,21.9
2025-09-11T02:18:26,23.3,23.5,22.9,21.9
2025-09-11T02:23:26,23.1,23.5,22.9,22.0
2025-09-11T02:28:26,23.0,23.6,22.9,21.9
2025-09-11T02:33:26,23.0,23.6,22.6,21.9
2025-09-11T02:38:26,23.0,23.6,22.8,21.9
2025-09-11T02:43:26,23.1,23.7,22.7,21.9
2025-09-11T02:48:26,23.0,23.6,22.8,21.8
2025-09-11T02:53:26,23.0,23.6,22.8,21.9
2025-09-11T02:58:26,23.0,23.5,23.0,21.9
2025-09-11T03:03:26,23.0,23.4,22.7,21.9
2025-09-11T03:08:26,23.1,23.7,22.9,21.9
2025-09-11T03:13:26,23.0,23.6,22.8,21.9
2025-09-11T03:18:26,23.0,23.5,22.7,21.9
2025-09-11T03:23:26,23.0,23.6,22.7,21.9
2025-09-11T03:28:26,23.0,23.6,22.7,22.0
2025-09-11T03:33:26,23.1,23.5,22.7,21.8
2025-09-11T03:38:26,23.0,23.6,22.7,22.0
2025-09-11T03:43:26,23.0,23.5,22.8,22.0
2025-09-11T03:48:26,23.1,23.5,22.7,21.9
2025-09-11T03:53:26,22.8,23.4,22.8,21.9
2025-09-11T03:58:27,22.8,23.4,22.7,21.9
2025-09-11T04:03:27,22.9,23.5,22.7,21.9
2025-09-11T04:08:27,23.0,23.6,22.7,21.9
2025-09-11T04:13:27,22.9,23.5,22.6,22.0
2025-09-11T04:18:27,23.0,23.5,22.7,21.9
2025-09-11T04:23:27,22.9,23.4,22.8,21.8
2025-09-11T04:28:27,22.9,23.5,22.6,21.8
2025-09-11T04:33:27,22.9,23.4,22.7,21.9
2025-09-11T04:38:27,22.8,23.6,22.6,21.8
2025-09-11T04:43:27,22.8,23.4,22.7,21.9
2025-09-11T04:48:27,22.9,23.5,22.6,21.9
2025-09-11T04:53:27,22.9,23.5,22.6,22.0
2025-09-11T04:58:27,22.8,23.6,22.6,21.9
2025-09-11T05:03:27,23.0,23.6,22.6,21.8
2025-09-11T05:08:27,22.8,23.5,22.6,22.1
2025-09-11T05:13:27,23.0,23.6,22.6,22.0
2025-09-11T05:18:27,22.7,23.4,22.5,21.9
2025-09-11T05:23:27,22.7,23.2,22.4,21.7
2025-09-11T05:28:27,22.5,23.3,22.5,21.8
2025-09-11T05:33:27,22.6,23.1,22.3,21.7
2025-09-11T05:38:27,22.5,23.2,22.3,21.7
2025-09-11T05:43:27,22.7,23.1,22.4,21.6
2025-09-11T05:48:27,22.6,23.2,22.3,21.5
2025-09-11T05:53:27,22.5,23.2,22.4,21.6
2025-09-11T05:58:27,22.5,23.0,22.2,21.6
2025-09-11T06:03:27,22.6,23.0,22.4,21.7
2025-09-11T06:08:27,22.6,23.1,22.3,21.5
2025-09-11T06:13:27,22.5,23.1,22.1,21.5
2025-09-11T06:18:27,22.4,23.0,22.2,21.5
2025-09-11T06:23:27,22.5,23.1,22.2,21.7
2025-09-11T06:28:28,22.4,23.0,22.1,21.6
2025-09-11T06:33:28,22.4,22.9,22.2,21.6
2025-09-11T06:38:28,22.4,23.0,22.3,21.6
2025-09-11T06:43:28,22.5,23.0,22.1,21.5
2025-09-11T06:48:28,22.5,23.0,22.2,21.5
2025-09-11T06:53:28,22.4,23.1,22.3,21.5
2025-09-11T06:58:28,22.5,23.1,22.2,21.4
2025-09-11T07:03:28,22.5,23.1,22.3,21.5
2025-09-11T07:08:28,22.6,23.1,22.4,21.6
2025-09-11T07:13:28,22.6,23.0,22.5,21.6
2025-09-11T07:18:28,22.6,23.2,22.4,21.7
2025-09-11T07:23:28,22.7,23.2,22.4,21.7
2025-09-11T07:28:28,22.6,23.2,22.5,21.6
2025-09-11T07:33:28,22.7,23.2,22.4,21.6
2025-09-11T07:38:28,22.6,23.2,22.4,21.7
2025-09-11T07:43:28,22.7,23.5,22.6,21.9
2025-09-11T07:48:28,22.7,23.3,22.5,21.7
2025-09-11T07:53:28,22.8,23.4,22.6,21.9
2025-09-11T07:58:28,22.9,23.4,22.7,21.8
2025-09-11T08:03:28,22.9,23.3,22.8,21.8
2025-09-11T08:08:28,23.0,23.4,22.6,21.8
2025-09-11T08:13:28,22.7,23.2,22.5,21.7
2025-09-11T08:18:28,22.7,23.2,22.6,21.7
2025-09-11T08:23:28,22.9,23.2,22.6,21.6
2025-09-11T08:28:28,22.8,23.1,22.6,21.7
2025-09-11T08:33:28,22.7,23.2,22.7,21.7
2025-09-11T08:38:28,23.0,23.2,22.5,21.7
2025-09-11T08:43:28,22.8,23.1,22.6,21.7
2025-09-11T08:48:28,22.7,23.1,22.6,21.7
2025-09-11T08:53:28,22.8,23.5,22.7,21.6
2025-09-11T08:58:28,22.9,23.3,22.8,21.7
2025-09-11T09:03:29,23.0,23.4,22.8,21.8
2025-09-11T09:08:29,22.8,23.4,22.7,21.7
2025-09-11T09:13:29,23.1,23.6,22.8,21.9
2025-09-11T09:18:29,23.0,23.7,23.1,21.9
2025-09-11T09:23:29,23.2,23.7,23.1,22.1
2025-09-11T09:28:29,23.3,23.9,23.1,22.2
2025-09-11T09:33:29,23.2,23.8,23.2,22.1
2025-09-11T09:38:29,23.2,23.8,23.0,22.2
2025-09-11T09:43:29,23.3,23.9,23.3,22.1
2025-09-11T09:48:29,23.3,23.9,23.3,22.1
2025-09-11T09:53:29,23.4,24.0,23.2,22.4
2025-09-11T09:58:29,23.5,24.0,23.3,22.1
2025-09-11T10:03:29,23.5,24.0,23.4,22.3
2025-09-11T10:08:29,23.5,23.9,23.4,22.1
2025-09-11T10:13:29,23.5,23.9,23.2,22.1
2025-09-11T10:18:29,23.4,24.1,23.3,22.4
2025-09-11T10:23:29,23.5,24.3,23.3,22.5
2025-09-11T10:28:29,23.5,24.2,23.5,22.6
2025-09-11T10:33:29,23.5,24.2,23.4,22.5
2025-09-11T10:38:29,23.7,24.4,23.6,22.5
2025-09-11T10:43:29,23.7,24.1,23.4,22.6
2025-09-11T10:48:29,23.5,24.0,23.5,22.4
2025-09-11T10:53:29,23.6,24.0,23.4,22.3
2025-09-11T10:58:29,23.6,24.0,23.5,22.2
2025-09-11T11:03:29,23.5,24.1,23.3,22.2
2025-09-11T11:08:29,23.5,24.0,23.4,22.3
2025-09-11T11:13:29,23.7,24.2,23.4,22.3
2025-09-11T11:18:29,23.8,24.2,23.4,22.3
2025-09-11T11:23:29,23.8,24.3,23.6,22.5
2025-09-11T11:28:29,23.7,24.5,23.6,22.6
2025-09-11T11:33:29,23.9,24.4,23.5,22.6
2025-09-11T11:38:30,23.9,24.5,23.6,22.7
2025-09-11T11:43:30,23.7,24.4,23.7,22.6
2025-09-11T11:48:30,23.8,24.5,23.8,22.6
2025-09-11T11:53:30,23.9,24.4,23.9,22.5
2025-09-11T11:58:30,23.7,24.3,23.6,22.4
2025-09-11T12:03:30,23.8,24.4,23.6,22.6
2025-09-11T12:08:30,23.6,24.4,23.5,22.6
2025-09-11T12:13:30,23.7,24.6,23.5,22.6
2025-09-11T12:18:30,23.9,24.7,23.9,22.6
2025-09-11T12:23:30,23.8,24.5,23.8,22.6
2025-09-11T12:28:30,23.9,24.9,24.0,22.7
2025-09-11T12:33:30,24.0,24.7,24.0,22.6
2025-09-11T12:38:30,23.8,24.7,23.7,22.5
2025-09-11T12:43:30,23.9,24.5,23.8,22.7
2025-09-11T12:48:30,23.8,24.6,23.7,22.6
2025-09-11T12:53:30,23.8,24.5,23.7,22.6
2025-09-11T12:58:30,23.9,24.5,23.5,22.6
2025-09-11T13:03:30,23.9,24.5,23.5,22.7
2025-09-11T13:08:30,23.7,24.6,23.6,22.7
2025-09-11T13:13:30,23.8,24.6,23.8,22.9
2025-09-11T13:18:30,23.8,24.6,23.7,22.8
2025-09-11T13:23:30,23.9,24.5,23.6,22.8
2025-09-11T13:28:30,23.7,24.5,23.7,22.8
2025-09-11T13:33:30,23.7,24.5,23.5,22.7
2025-09-11T13:38:30,23.6,24.4,23.5,22.6
2025-09-11T13:43:30,23.6,24.5,23.5,22.8
2025-09-11T13:48:30,23.7,24.4,23.5,22.7
2025-09-11T13:53:30,23.7,24.6,23.5,22.6
2025-09-11T13:58:30,23.7,24.6,23.5,22.7
2025-09-11T14:03:30,23.8,24.6,23.6,22.7
2025-09-11T14:08:30,23.9,24.6,23.7,22.9
2025-09-11T14:13:31,23.9,24.5,23.8,22.7
2025-09-11T14:18:31,23.8,24.3,23.6,22.5
2025-09-11T14:23:31,23.7,24.4,23.5,22.7
2025-09-11T14:28:31,23.8,24.4,23.6,22.8
2025-09-11T14:33:31,23.8,24.6,23.5,22.6
2025-09-11T14:38:31,23.7,24.6,23.6,22.5
2025-09-11T14:43:31,23.8,24.3,23.5,22.5
2025-09-11T14:48:31,23.6,24.2,23.3,22.5
2025-09-11T14:53:31,23.9,24.5,23.4,22.6
2025-09-11T14:58:31,23.6,24.4,23.4,22.7
2025-09-11T15:03:31,23.8,24.5,23.5,22.8
2025-09-11T15:08:31,23.8,24.8,23.6,22.7
2025-09-11T15:13:31,24.0,24.8,23.8,22.8
2025-09-11T15:18:31,24.0,24.7,23.8,22.7
2025-09-11T15:23:31,24.1,24.7,23.9,22.8
2025-09-11T15:28:31,23.9,24.7,23.8,22.7
2025-09-11T15:33:31,23.9,24.7,23.8,22.7
2025-09-11T15:38:31,23.9,24.6,23.7,22.7
2025-09-11T15:43:31,24.0,24.7,23.7,22.8
2025-09-11T15:48:31,23.9,24.6,23.7,22.9
2025-09-11T15:53:31,24.1,24.6,23.8,22.6
2025-09-11T15:58:31,23.8,24.3,23.7,22.8
2025-09-11T16:03:31,23.9,24.6,23.8,22.5
2025-09-11T16:08:31,23.9,24.6,23.7,22.5
2025-09-11T16:13:31,23.7,24.2,23.6,22.5
2025-09-11T16:18:31,23.8,24.5,23.5,23.0
2025-09-11T16:23:31,23.7,24.3,23.6,22.7
2025-09-11T16:28:31,23.7,24.3,23.5,22.7
2025-09-11T16:33:31,23.8,24.5,23.7,22.7
2025-09-11T16:38:31,24.1,24.7,23.8,22.7
2025-09-11T16:43:32,23.9,24.4,23.8,22.7
2025-09-11T16:51:46,24.3,25.2,24.4,22.8
2025-09-11T16:56:46,23.9,24.5,23.7,22.5
2025-09-11T17:01:46,24.0,24.4,23.6,22.5
2025-09-11T17:11:39,25.2,26.3,25.4,24.2
2025-09-11T17:16:39,25.8,26.7,25.7,24.3
2025-09-11T17:21:39,25.8,26.6,25.9,24.3
2025-09-11T17:26:39,25.8,26.4,25.5,24.3
2025-09-11T17:31:39,25.9,27.1,25.9,24.5
2025-09-11T17:36:39,25.9,27.2,25.8,24.5
2025-09-11T17:41:39,26.1,26.8,25.7,24.3
2025-09-11T17:49:12,26.2,27.3,25.8,24.7
2025-09-11T17:54:12,25.9,26.8,25.9,24.5
2025-09-11T18:02:19,26.5,27.5,26.3,24.8
2025-09-11T18:08:49,26.5,27.3,26.0,24.5
2025-09-11T18:13:49,26.0,26.7,25.8,24.2
2025-09-11T18:37:26,25.7,26.5,25.6,24.1
2025-09-11T18:42:26,25.4,25.6,25.0,23.8
2025-09-11T18:47:26,25.4,25.4,25.0,23.8
2025-09-11T18:52:26,25.0,25.3,24.7,23.7
2025-09-11T18:57:26,25.0,25.5,24.8,23.8
2025-09-11T19:02:27,24.9,25.3,24.7,23.7
2025-09-11T19:07:27,24.8,25.2,24.7,23.7
2025-09-11T19:12:27,24.8,25.5,24.7,23.7
2025-09-11T19:17:27,24.9,25.2,24.6,23.7
2025-09-11T19:22:27,24.9,25.4,24.5,23.9
2025-09-11T19:27:27,24.8,25.3,24.5,23.7
2025-09-11T19:32:27,24.8,25.2,24.6,23.7
2025-09-11T19:37:27,24.8,25.1,24.4,23.6
2025-09-11T19:42:27,24.8,25.2,24.5,23.6
2025-09-11T19:47:27,24.7,25.0,24.5,23.5
2025-09-11T19:52:27,24.6,24.9,24.5,23.6
2025-09-11T19:57:27,24.7,25.0,24.4,23.5
2025-09-11T20:02:27,24.6,25.0,24.3,23.4
2025-09-11T20:07:27,24.6,25.0,24.4,23.6
2025-09-11T20:12:27,24.6,24.8,24.3,23.5
2025-09-11T20:17:27,24.6,24.8,24.4,23.5
2025-09-11T20:22:27,24.6,24.9,24.3,23.5
2025-09-11T20:27:27,24.7,25.0,24.3,23.4
2025-09-11T20:32:27,24.5,24.8,24.4,23.4
2025-09-11T20:37:27,24.5,24.8,24.2,23.5
2025-09-11T20:42:27,24.5,24.9,24.3,23.4
2025-09-11T20:47:27,24.4,24.8,24.2,23.4
2025-09-11T20:52:27,24.4,24.7,24.2,23.3
2025-09-11T20:57:27,24.4,24.8,24.3,23.4
2025-09-11T21:02:27,24.3,24.6,24.2,23.3
2025-09-11T21:07:27,24.2,24.8,23.9,23.2
2025-09-11T21:12:27,24.2,24.7,23.9,23.2
2025-09-11T21:17:27,24.2,24.7,23.9,23.2
2025-09-11T21:22:27,24.2,24.6,23.8,23.1
2025-09-11T21:27:27,24.1,24.7,23.8,23.2
2025-09-11T21:32:28,24.0,24.6,23.7,23.1
2025-09-11T21:37:28,24.0,24.5,23.6,23.0
2025-09-11T21:42:28,24.0,24.7,23.7,23.1
2025-09-11T21:47:28,23.9,24.5,23.6,23.0
2025-09-11T21:52:28,23.9,24.6,23.5,23.0
2025-09-11T21:57:28,23.9,24.6,23.7,23.1
2025-09-11T22:02:28,24.0,24.8,23.6,23.3
2025-09-11T22:07:28,23.8,24.7,23.6,23.1
2025-09-11T22:12:28,24.0,24.6,23.6,23.1
2025-09-11T22:17:28,23.9,24.7,23.8,23.1
2025-09-11T22:22:28,24.0,24.8,23.7,23.1
2025-09-11T22:27:28,24.0,24.8,23.7,23.1
2025-09-11T22:32:28,24.0,24.8,23.8,23.2
2025-09-11T22:37:28,24.0,24.8,23.8,23.1
2025-09-11T22:42:28,24.1,24.8,23.9,23.1
2025-09-11T22:47:28,24.1,24.9,23.8,23.2
2025-09-11T22:52:28,24.0,24.6,23.9,23.1
2025-09-11T22:57:28,24.1,24.7,23.8,23.1
2025-09-11T23:02:28,24.1,24.8,23.8,23.1
2025-09-11T23:07:28,24.1,24.8,23.8,23.1
2025-09-11T23:12:28,24.1,24.7,23.8,23.1
2025-09-11T23:17:28,24.1,24.6,24.0,23.1
2025-09-11T23:22:28,24.1,24.7,23.9,23.2
2025-09-11T23:27:28,24.0,24.8,23.8,23.0
2025-09-11T23:32:28,24.2,24.8,23.9,23.1
2025-09-11T23:37:28,24.0,24.7,23.8,23.2
2025-09-11T23:42:28,24.1,24.7,23.8,23.1
2025-09-11T23:47:28,24.0,24.7,23.9,23.1
2025-09-11T23:52:28,24.1,24.8,23.9,23.1
2025-09-11T23:57:28,24.1,24.7,23.9,23.1
2025-09-12T00:02:28,24.0,24.9,23.8,23.0
2025-09-12T00:07:28,24.1,24.7,23.8,23.1
2025-09-12T00:12:29,24.1,24.8,23.8,23.1
2025-09-12T00:17:29,24.1,24.7,23.8,23.1
2025-09-12T00:22:29,24.0,24.7,23.9,23.1
2025-09-12T00:27:29,24.0,24.7,23.9,23.0
2025-09-12T00:32:29,24.1,24.7,23.8,23.0
2025-09-12T00:37:29,24.0,24.8,23.8,23.0
2025-09-12T00:42:29,24.0,24.7,23.8,23.1
2025-09-12T00:47:29,24.0,24.7,23.7,23.1
2025-09-12T00:52:29,24.0,24.7,23.8,23.2
2025-09-12T00:57:29,24.0,24.7,23.8,23.0
2025-09-12T01:02:29,24.0,24.8,23.8,23.2
2025-09-12T01:07:29,24.0,24.8,23.8,23.2
2025-09-12T01:12:29,24.1,24.6,23.9,23.0
2025-09-12T01:17:29,24.0,24.7,23.7,23.0
2025-09-12T01:22:29,24.0,24.6,23.7,23.0
2025-09-12T01:27:29,24.0,24.6,24.0,23.0
2025-09-12T01:32:29,24.0,24.7,23.8,23.1
2025-09-12T01:37:29,23.9,24.7,23.9,23.0
2025-09-12T01:42:29,24.0,24.6,23.8,23.0
2025-09-12T01:47:29,24.0,24.7,23.8,22.9
2025-09-12T01:52:29,24.0,24.7,23.8,23.1
2025-09-12T01:57:29,24.0,24.6,23.7,23.0
2025-09-12T02:02:29,24.0,24.6,23.7,23.0
2025-09-12T02:07:29,24.0,24.6,23.7,23.1
2025-09-12T02:12:29,24.1,24.6,23.8,23.1
2025-09-12T02:17:29,24.1,24.6,23.7,23.0
2025-09-12T02:22:29,24.2,24.6,23.8,23.0
2025-09-12T02:27:29,24.1,24.7,23.7,23.0
2025-09-12T02:32:29,24.2,24.7,23.8,23.0
2025-09-12T02:37:29,24.2,24.7,23.8,23.0
2025-09-12T02:42:30,24.1,24.6,23.8,23.0
2025-09-12T02:47:30,24.1,24.7,23.7,23.0
2025-09-12T02:52:30,23.9,24.6,23.7,23.0
2025-09-12T02:57:30,24.0,24.6,23.8,23.0
2025-09-12T03:02:30,24.0,24.7,23.8,23.0
2025-09-12T03:07:30,24.0,24.6,23.9,23.0
2025-09-12T03:12:30,24.0,24.7,23.7,23.0
2025-09-12T03:17:30,24.0,24.8,23.7,23.1
2025-09-12T03:22:30,24.0,24.7,23.7,23.1
2025-09-12T03:27:30,24.2,24.7,23.8,23.1
2025-09-12T03:32:30,24.1,24.8,23.8,23.1
2025-09-12T03:37:30,24.1,24.7,23.7,23.1
2025-09-12T03:42:30,24.0,24.7,23.8,23.1
2025-09-12T03:47:30,24.1,24.7,23.8,23.1
2025-09-12T03:52:30,24.1,24.8,23.7,23.1
2025-09-12T03:57:30,24.1,24.6,23.7,23.0
2025-09-12T04:02:30,24.0,24.6,23.9,23.2
2025-09-12T04:07:30,24.1,24.6,23.7,23.0
2025-09-12T04:12:30,24.0,24.7,23.8,23.1
2025-09-12T04:17:30,24.2,24.7,23.7,23.2
2025-09-12T04:22:30,24.1,24.7,23.7,23.1
2025-09-12T04:27:30,24.0,24.6,23.7,23.0
2025-09-12T04:32:30,24.1,24.8,23.8,23.1
2025-09-12T04:37:30,24.0,24.6,23.6,23.0
2025-09-12T04:42:30,24.1,24.7,23.8,23.1
2025-09-12T04:47:30,24.1,24.7,23.7,23.1
2025-09-12T04:52:30,24.0,24.6,23.6,23.0
2025-09-12T04:57:30,24.0,24.6,23.7,23.1
2025-09-12T05:02:30,24.0,24.7,23.7,23.1
2025-09-12T05:07:30,24.0,24.7,23.7,23.1
2025-09-12T05:12:31,24.0,24.7,23.7,23.0
2025-09-12T05:17:31,23.9,24.4,23.8,23.0
2025-09-12T05:22:31,23.9,24.3,23.7,22.9
2025-09-12T05:27:31,24.0,24.5,23.8,22.9
2025-09-12T05:32:31,23.9,24.3,23.6,22.8
2025-09-12T05:37:31,23.8,24.1,23.4,22.7
2025-09-12T05:42:31,23.8,24.3,23.6,22.8
2025-09-12T05:47:31,23.7,24.1,23.5,22.9
2025-09-12T05:52:31,23.7,24.2,23.5,22.6
2025-09-12T05:57:31,23.7,24.3,23.4,22.6
2025-09-12T06:02:31,23.6,24.2,23.4,22.9
2025-09-12T06:07:31,23.7,24.2,23.4,22.7
2025-09-12T06:12:31,23.6,24.0,23.6,22.6
2025-09-12T06:17:31,23.7,24.2,23.3,22.6
2025-09-12T06:22:31,23.6,24.1,23.3,22.6
2025-09-12T06:27:31,23.5,24.2,23.2,22.6
2025-09-12T06:32:31,23.5,24.2,23.3,22.6
2025-09-12T06:37:31,23.5,24.1,23.2,22.8
2025-09-12T06:42:31,23.6,24.2,23.3,22.6
2025-09-12T06:47:31,23.5,24.2,23.2,22.6
2025-09-12T06:52:31,23.7,24.2,23.4,22.7
2025-09-12T06:57:31,23.5,24.1,23.2,22.5
2025-09-12T07:02:31,23.5,24.0,23.1,22.5
2025-09-12T07:07:31,23.4,24.1,23.0,22.4
2025-09-12T07:12:31,23.4,24.2,23.1,22.6
2025-09-12T07:17:31,23.4,24.0,23.1,22.5
2025-09-12T07:22:31,23.4,24.0,23.2,22.4
2025-09-12T07:27:31,23.4,24.0,23.3,22.4
2025-09-12T07:32:31,23.5,24.1,23.2,22.6
2025-09-12T07:38:48,24.2,24.9,24.0,22.7
2025-09-12T07:43:48,24.0,24.4,23.6,22.6
2025-09-12T07:48:48,24.0,24.7,23.6,22.7
2025-09-12T07:53:48,24.0,24.7,23.7,22.9
2025-09-12T07:58:48,24.0,24.6,23.8,22.8
2025-09-12T08:03:48,24.0,24.5,23.7,22.7
2025-09-12T08:08:48,23.8,24.5,23.5,22.8
2025-09-12T08:13:49,23.7,24.4,23.4,22.7
2025-09-12T08:18:49,23.8,24.4,23.5,22.7
2025-09-12T08:23:49,23.8,24.4,23.4,22.9
2025-09-12T08:28:49,23.8,24.5,23.5,22.9
2025-09-12T08:33:49,23.9,24.5,23.5,22.8
2025-09-12T08:38:49,23.8,24.5,23.5,22.8
2025-09-12T08:43:49,23.9,24.5,23.7,22.9
2025-09-12T08:48:49,23.9,24.4,23.7,23.0
2025-09-12T08:53:49,24.1,24.7,23.7,22.9
2025-09-12T08:58:49,24.0,24.6,23.7,22.9
2025-09-12T09:03:49,24.0,24.6,23.8,23.0
2025-09-12T09:08:49,24.0,24.5,23.9,23.0
2025-09-12T09:13:49,24.3,24.7,24.0,23.0
2025-09-12T09:18:49,24.1,24.9,24.0,23.1
2025-09-12T09:23:49,24.2,24.8,24.1,23.2
2025-09-12T09:28:49,24.3,25.1,24.1,23.1
2025-09-12T09:33:49,24.4,25.0,24.3,23.2
2025-09-12T09:38:49,24.3,24.8,24.2,23.2
2025-09-12T09:43:49,24.4,25.0,24.2,23.2
2025-09-12T09:48:49,24.5,25.2,24.4,23.3
2025-09-12T09:53:49,24.4,25.3,24.4,23.3
2025-09-12T09:58:49,24.4,25.2,24.4,23.5
2025-09-12T10:03:49,24.5,25.2,24.4,23.4
2025-09-12T10:08:49,24.6,25.4,24.5,23.5
2025-09-12T10:13:49,24.6,25.2,24.4,23.5
2025-09-12T10:18:49,24.7,25.4,24.6,23.5
2025-09-12T10:23:49,24.7,25.4,24.5,23.5
2025-09-12T10:28:49,24.7,25.4,24.6,23.6
2025-09-12T10:33:49,24.8,25.4,24.6,23.6
2025-09-12T10:38:50,24.8,25.4,24.6,23.7
2025-09-12T10:43:50,25.0,25.4,24.7,23.7
2025-09-12T10:48:50,24.9,25.5,24.6,23.6
2025-09-12T10:53:50,24.9,25.7,24.9,23.8
2025-09-12T10:58:50,25.0,25.5,24.9,23.7
2025-09-12T11:03:50,24.9,25.6,24.8,23.8
2025-09-12T11:08:50,25.0,25.6,24.9,23.7
2025-09-12T11:13:50,25.0,25.8,24.8,23.8
2025-09-12T11:18:50,25.0,25.9,24.8,23.9
2025-09-12T11:23:50,25.0,25.8,24.9,24.0
2025-09-12T11:28:50,25.2,25.9,24.8,24.1
2025-09-12T11:33:50,25.1,25.9,25.0,24.2
2025-09-12T11:38:50,25.2,26.0,25.1,24.1
2025-09-12T11:43:50,25.1,25.9,25.2,24.0
2025-09-12T11:48:50,25.2,25.8,25.1,24.0
2025-09-12T11:53:50,25.2,26.0,25.1,24.1
2025-09-12T11:58:50,25.2,25.9,25.3,24.0
2025-09-12T12:03:50,25.2,25.8,24.9,23.9
2025-09-12T12:08:50,25.1,25.7,25.1,23.9
2025-09-12T12:13:50,25.2,25.9,25.1,24.0
2025-09-12T12:18:50,25.3,26.1,25.0,24.0
2025-09-12T12:23:50,25.2,26.0,25.0,23.9
2025-09-12T12:28:50,25.1,26.0,25.1,24.0
2025-09-12T12:33:50,25.2,25.8,25.1,23.9
2025-09-12T12:38:50,25.1,26.0,25.0,23.9
2025-09-12T12:43:50,25.2,26.0,25.1,24.1
2025-09-12T12:48:50,25.1,25.9,25.1,24.1
2025-09-12T12:53:50,25.2,25.9,25.2,24.0
2025-09-12T12:58:50,25.2,26.0,25.1,24.0
2025-09-12T13:03:50,25.1,25.7,25.1,23.9
2025-09-12T13:08:50,25.2,25.8,25.1,23.9
2025-09-12T13:13:51,25.3,25.9,25.2,24.3
2025-09-12T13:18:51,25.4,25.9,25.3,24.0
2025-09-12T13:23:51,25.6,25.8,25.5,24.0
2025-09-12T13:28:51,25.3,25.8,25.2,24.2
2025-09-12T13:33:51,25.3,26.1,25.3,24.0
2025-09-12T13:38:51,25.4,25.9,25.4,24.1
2025-09-12T13:43:51,25.5,26.0,25.3,24.1
2025-09-12T13:48:51,25.5,26.0,25.4,24.0
2025-09-12T13:53:51,25.6,26.2,25.4,24.1
2025-09-12T13:58:51,25.4,25.9,25.4,24.0
2025-09-12T14:03:51,25.4,26.0,25.7,24.0
2025-09-12T14:08:51,25.3,25.9,25.5,24.0
2025-09-12T14:13:51,25.3,25.9,25.2,24.1
2025-09-12T14:18:51,25.4,25.8,25.1,23.9
2025-09-12T14:23:51,25.4,26.1,25.3,24.1
2025-09-12T14:28:51,25.4,26.0,25.2,24.1
2025-09-12T14:33:51,25.3,25.9,25.3,24.1
2025-09-12T14:38:51,25.3,26.1,25.2,24.1
2025-09-12T14:43:51,25.5,26.0,25.2,24.0
2025-09-12T14:48:51,25.5,26.1,25.3,24.0
2025-09-12T14:53:51,25.5,26.0,25.3,24.1
2025-09-12T14:58:51,25.5,26.0,25.3,24.2
2025-09-12T15:03:51,25.3,26.0,25.1,24.0
2025-09-12T15:08:51,25.2,25.8,25.1,24.0
2025-09-12T15:13:51,25.4,26.0,25.2,23.9
2025-09-12T15:18:51,25.4,26.0,25.3,24.2
2025-09-12T15:23:51,25.8,26.7,25.8,24.3
2025-09-12T15:28:51,25.9,26.9,25.9,24.2
2025-09-12T15:33:51,25.9,26.6,25.6,24.2
2025-09-12T15:42:25,25.6,26.5,-34.4,24.0
2025-09-12T15:47:25,24.5,25.8,24.8,23.3
2025-09-12T15:52:25,24.7,25.9,24.7,23.3
2025-09-12T15:57:25,24.6,25.4,24.5,23.3
2025-09-12T16:04:49,24.4,25.4,24.1,22.9
2025-09-12T16:09:49,24.2,24.4,23.7,22.6
2025-09-12T16:14:49,24.0,24.4,23.7,22.6
2025-09-12T16:19:49,24.0,24.6,23.9,22.9
2025-09-12T16:24:49,24.0,24.5,23.7,22.7
2025-09-12T16:29:49,23.7,24.2,23.6,22.6
2025-09-12T16:34:49,23.8,24.2,23.6,22.8
2025-09-12T16:39:49,23.8,24.4,23.5,22.6
2025-09-12T16:44:49,23.8,24.3,23.5,22.8
2025-09-12T16:49:49,23.7,24.3,23.6,22.7
2025-09-12T16:54:49,23.7,24.2,23.5,22.8
2025-09-12T16:59:49,23.7,24.2,23.6,22.7
2025-09-12T17:04:49,23.7,24.1,23.6,22.7
2025-09-12T17:09:49,23.7,24.2,23.5,22.7
2025-09-12T17:14:49,23.5,23.9,23.4,22.7
2025-09-12T17:19:49,23.6,24.1,23.3,22.6
2025-09-12T17:24:49,23.4,24.1,23.2,22.7
2025-09-12T17:29:49,23.5,24.0,23.2,22.5
2025-09-12T17:34:49,23.3,24.1,23.3,22.4
2025-09-12T17:39:49,23.3,24.0,23.0,22.4
2025-09-12T17:44:49,23.3,23.8,23.0,22.3
2025-09-12T17:49:49,23.2,23.8,22.9,22.3
2025-09-12T17:54:49,23.2,23.8,22.8,22.3
2025-09-12T17:59:49,23.2,23.7,22.8,22.3
2025-09-12T18:04:49,23.4,23.7,22.8,22.4
2025-09-12T18:09:50,23.2,23.9,22.9,22.3
2025-09-12T18:14:50,23.1,23.8,22.8,22.2
2025-09-12T18:19:50,23.0,23.5,22.7,22.3
2025-09-12T18:24:50,23.0,23.5,22.7,22.2
2025-09-12T18:29:50,23.4,23.7,23.1,22.0
2025-09-12T18:34:50,23.1,23.5,22.6,22.1
2025-09-12T18:39:50,23.0,23.5,22.7,22.0
2025-09-12T18:44:50,23.1,23.6,22.6,22.0
2025-09-12T18:49:50,23.0,23.4,22.7,22.0
2025-09-12T18:54:50,23.0,23.5,22.6,22.1
2025-09-12T18:59:50,22.9,23.4,22.6,22.0
2025-09-12T19:04:50,22.9,23.4,22.6,21.8
2025-09-12T19:09:50,22.9,23.3,22.5,22.0
2025-09-12T19:14:50,22.8,23.4,22.5,22.0
2025-09-12T19:19:50,22.9,23.5,22.6,22.1
2025-09-12T19:24:50,22.9,23.5,22.6,22.0
2025-09-12T19:29:50,22.8,23.4,22.5,22.1
2025-09-12T19:34:50,22.8,23.3,22.5,21.9
2025-09-12T19:39:50,22.8,23.4,22.6,21.9
2025-09-12T19:44:50,22.9,23.3,22.4,22.0
2025-09-12T19:49:50,22.7,23.4,22.4,21.9
2025-09-12T19:54:50,22.8,23.3,22.4,21.9
2025-09-12T19:59:50,22.7,23.3,22.4,21.9
2025-09-12T20:04:50,22.8,23.3,22.4,21.8
2025-09-12T20:09:50,22.7,23.2,22.4,21.8
2025-09-12T20:14:50,22.7,23.3,22.3,21.7
2025-09-12T20:19:50,22.7,23.0,22.3,21.7
2025-09-12T20:24:50,22.7,23.1,22.4,21.7
2025-09-12T20:29:50,22.6,23.0,22.4,21.6
2025-09-12T20:34:50,22.5,23.0,22.3,21.6
2025-09-12T20:39:50,22.5,22.9,22.2,21.7
2025-09-12T20:44:51,22.5,22.8,22.4,21.6
2025-09-12T20:49:51,22.6,22.8,22.3,21.6
2025-09-12T20:54:51,22.5,22.8,22.3,21.5
2025-09-12T20:59:51,22.5,22.7,22.3,21.4
2025-09-12T21:04:51,22.5,22.7,22.1,21.5
2025-09-12T21:09:51,22.3,22.8,22.1,21.4
2025-09-12T21:14:51,22.3,23.0,22.0,21.5
2025-09-12T21:19:51,22.3,23.0,22.1,21.5
2025-09-12T21:24:51,22.5,23.1,22.2,21.6
2025-09-12T21:29:51,22.4,23.1,22.1,21.5
2025-09-12T21:34:51,22.7,23.1,22.3,21.5
2025-09-12T21:39:51,22.7,23.0,22.5,21.6
2025-09-12T21:44:51,22.5,23.2,22.2,21.7
2025-09-12T21:49:51,22.4,23.2,22.3,21.7
2025-09-12T21:54:51,22.5,23.2,22.2,21.6
2025-09-12T21:59:51,22.6,23.2,22.2,21.6
2025-09-12T22:04:51,22.5,23.1,22.2,21.6
2025-09-12T22:09:51,22.5,23.1,22.2,21.7
2025-09-12T22:14:51,22.4,23.1,22.2,21.6
2025-09-12T22:19:51,22.5,23.2,22.3,21.7
2025-09-12T22:24:51,22.5,23.1,22.2,21.6
2025-09-12T22:29:51,22.5,23.2,22.3,21.6
2025-09-12T22:34:51,22.6,23.1,22.2,21.7
2025-09-12T22:39:51,22.5,23.2,22.2,21.6
2025-09-12T22:44:51,22.5,23.2,22.1,21.7
2025-09-12T22:49:51,22.5,23.2,22.3,21.7
2025-09-12T22:54:51,22.4,23.1,22.3,21.6
2025-09-12T22:59:51,22.4,23.2,22.3,21.6
2025-09-12T23:04:51,22.6,23.2,22.2,21.6
2025-09-12T23:09:52,22.5,23.0,22.1,21.6
2025-09-12T23:14:52,22.5,23.2,22.3,21.7
2025-09-12T23:19:52,22.5,23.1,22.2,21.7
2025-09-12T23:24:52,22.5,23.1,22.4,21.6
2025-09-12T23:29:52,22.5,23.1,22.3,21.7
2025-09-12T23:34:52,22.5,23.1,22.2,21.6
2025-09-12T23:39:52,22.5,23.1,22.3,21.6
2025-09-12T23:44:52,22.6,23.1,22.2,21.7
2025-09-12T23:49:52,22.6,23.3,22.2,21.6
2025-09-12T23:54:52,22.6,23.2,22.1,21.7
2025-09-12T23:59:52,22.5,23.2,22.3,21.7
2025-09-13T00:04:52,22.5,23.0,22.3,21.7
2025-09-13T00:09:52,22.6,23.0,22.3,21.6
2025-09-13T00:14:52,22.5,23.3,22.2,21.6
2025-09-13T00:19:52,22.5,23.1,22.3,21.6
2025-09-13T00:24:52,22.6,23.2,22.3,21.6
2025-09-13T00:29:52,22.8,23.2,22.4,21.6
2025-09-13T00:34:52,22.6,23.1,22.2,21.5
2025-09-13T00:39:52,22.4,23.0,22.2,21.6
2025-09-13T00:44:52,22.5,23.1,22.1,21.6
2025-09-13T00:49:52,22.5,23.1,22.4,21.5
2025-09-13T00:54:52,22.6,23.1,22.1,21.7
2025-09-13T00:59:52,22.5,23.1,22.2,21.7
2025-09-13T01:04:52,22.5,23.1,22.2,21.7
2025-09-13T01:09:52,22.6,23.1,22.2,21.7
2025-09-13T01:14:52,22.6,23.0,22.2,21.7
2025-09-13T01:19:52,22.5,22.9,22.2,21.6
2025-09-13T01:24:52,22.5,23.0,22.3,21.7
2025-09-13T01:29:52,22.8,23.0,22.6,21.7
2025-09-13T01:34:52,22.5,23.0,22.3,21.5
2025-09-13T01:39:52,22.4,23.1,22.1,21.6
2025-09-13T01:44:52,22.3,23.1,22.2,21.5
2025-09-13T01:49:53,22.4,23.0,22.3,21.6
2025-09-13T01:54:53,22.6,23.0,22.2,21.7
2025-09-13T01:59:53,22.5,23.1,22.2,21.7
2025-09-13T02:04:53,22.5,23.0,22.1,21.6
2025-09-13T02:09:53,22.6,23.0,22.2,21.6
2025-09-13T02:14:53,22.5,23.1,22.1,21.6
2025-09-13T02:19:53,22.3,23.0,22.2,21.5
2025-09-13T02:24:53,22.4,23.2,22.2,21.6
2025-09-13T02:29:53,22.5,22.9,22.2,21.6
2025-09-13T02:34:53,22.5,23.1,22.1,21.5
2025-09-13T02:39:53,22.5,23.1,22.1,21.6
2025-09-13T02:44:53,22.4,23.0,22.1,21.5
2025-09-13T02:49:53,22.3,22.9,22.1,21.6
2025-09-13T02:54:53,22.4,23.0,22.0,21.5
2025-09-13T02:59:53,22.5,23.1,22.1,21.6
2025-09-13T03:04:53,22.4,23.1,22.1,21.6
2025-09-13T03:09:53,22.4,23.1,22.1,21.6
2025-09-13T03:14:53,22.4,23.1,22.0,21.6
2025-09-13T03:19:53,22.3,23.0,22.0,21.6
2025-09-13T03:24:53,22.3,23.0,22.0,21.7
2025-09-13T03:29:53,22.4,23.0,22.1,21.6
2025-09-13T03:34:53,22.3,22.9,22.2,21.5
2025-09-13T03:39:53,22.3,23.0,22.0,21.6
2025-09-13T03:44:53,22.4,22.9,21.9,21.6
2025-09-13T03:49:53,22.5,23.1,22.0,21.6
2025-09-13T03:54:53,22.3,23.0,22.2,21.5
2025-09-13T03:59:53,22.5,23.0,22.0,21.6
2025-09-13T04:04:53,22.4,23.0,22.1,21.5
2025-09-13T04:09:53,22.4,23.0,22.1,21.7
2025-09-13T04:14:53,22.4,23.0,22.0,21.7
2025-09-13T04:19:54,22.3,23.0,22.0,21.6
2025-09-13T04:24:54,22.4,23.1,22.0,21.6
2025-09-13T04:29:54,22.3,23.1,22.0,21.7
2025-09-13T04:34:54,22.2,23.0,22.0,21.6
2025-09-13T04:39:54,22.4,23.1,22.0,21.5
2025-09-13T04:44:54,22.3,23.1,22.1,21.4
2025-09-13T04:49:54,22.3,23.1,22.0,21.5
2025-09-13T04:54:54,22.3,23.0,22.0,21.4
2025-09-13T04:59:54,22.2,23.1,22.0,21.5
2025-09-13T05:04:54,22.3,22.9,22.1,21.6
2025-09-13T05:09:54,22.3,22.9,21.9,21.5
2025-09-13T05:14:54,22.3,23.0,22.1,21.5
2025-09-13T05:19:54,22.2,22.8,22.0,21.6
2025-09-13T05:24:54,22.3,22.9,21.9,21.5
2025-09-13T05:29:54,22.3,22.9,22.0,21.5
2025-09-13T05:34:54,22.3,23.0,21.9,21.5
2025-09-13T05:39:54,22.2,22.9,21.9,21.5
2025-09-13T05:44:54,22.2,22.9,22.0,21.5
2025-09-13T05:49:54,22.3,22.8,22.0,21.6
2025-09-13T05:54:54,22.3,23.0,21.9,21.5
2025-09-13T05:59:54,22.3,22.8,21.8,21.4
2025-09-13T06:04:54,22.2,22.8,21.9,21.5
2025-09-13T06:09:54,22.3,23.0,22.0,21.5
2025-09-13T06:14:54,22.3,22.9,22.0,21.5
2025-09-13T06:19:54,22.3,22.8,21.9,21.4
2025-09-13T06:24:54,22.3,22.9,21.9,21.6
2025-09-13T06:29:54,22.3,22.9,21.9,21.5
2025-09-13T06:34:54,22.3,22.9,22.0,21.5
2025-09-13T06:39:54,22.2,22.9,21.9,21.5
2025-09-13T06:44:54,22.2,22.9,21.9,21.5
2025-09-13T06:49:54,22.3,22.9,22.0,21.6
2025-09-13T06:54:55,22.2,23.0,21.9,21.4
2025-09-13T06:59:55,22.2,22.9,22.0,21.5
2025-09-13T07:04:55,22.3,23.0,21.9,21.4
2025-09-13T07:09:55,22.3,23.0,21.9,21.5
2025-09-13T07:14:55,22.2,22.9,21.9,21.4
2025-09-13T07:19:55,22.3,22.9,21.9,21.5
2025-09-13T07:24:55,22.3,22.9,21.9,21.4
2025-09-13T07:29:55,22.3,22.9,22.0,21.6
2025-09-13T07:34:55,22.2,22.9,21.9,21.5
2025-09-13T07:39:55,22.4,22.9,21.9,21.3
2025-09-13T07:44:55,22.1,22.9,21.9,21.4
2025-09-13T07:49:55,22.2,22.8,21.9,21.4
2025-09-13T07:54:55,22.2,22.9,21.9,21.4
2025-09-13T07:59:55,22.2,22.8,21.8,21.4
2025-09-13T08:04:55,22.2,22.9,22.0,21.5
2025-09-13T08:09:55,22.2,22.8,22.0,21.4
2025-09-13T08:14:55,22.5,22.9,22.2,21.6
2025-09-13T08:19:55,22.3,22.9,22.0,21.3
2025-09-13T08:24:55,22.2,22.9,22.1,21.6
2025-09-13T08:29:55,22.3,22.9,22.0,21.5
2025-09-13T08:34:55,22.3,22.9,22.1,21.5
2025-09-13T08:39:55,22.4,23.0,22.1,21.4
2025-09-13T08:44:55,22.4,23.0,22.0,21.4
2025-09-13T08:49:55,22.3,23.0,22.1,21.5
2025-09-13T08:54:55,22.4,23.0,22.1,21.5
2025-09-13T08:59:55,22.5,23.0,22.0,21.5
2025-09-13T09:04:55,22.4,23.1,22.1,21.5
2025-09-13T09:09:55,22.5,23.1,22.1,21.8
2025-09-13T09:14:55,22.6,23.1,22.3,21.5
2025-09-13T09:19:55,22.6,23.1,22.2,21.6
2025-09-13T09:24:56,22.5,23.1,22.2,21.6
2025-09-13T09:29:56,22.5,23.1,22.3,21.7
2025-09-13T09:34:56,22.5,23.1,22.3,21.7
2025-09-13T09:39:56,22.5,23.2,22.2,21.8
2025-09-13T09:44:56,22.5,23.1,22.4,21.6
2025-09-13T09:49:56,22.5,23.2,22.3,21.7
2025-09-13T09:54:56,22.6,23.1,22.3,21.6
2025-09-13T09:59:56,22.5,23.2,22.2,21.7
2025-09-13T10:04:56,22.6,23.2,22.4,21.7
2025-09-13T10:09:56,22.6,23.3,22.4,21.8
2025-09-13T10:14:56,22.7,23.3,22.4,21.8
2025-09-13T10:19:56,22.6,23.3,22.4,21.8
2025-09-13T10:24:56,22.6,23.4,22.4,21.8
2025-09-13T10:29:56,22.7,23.3,22.6,21.9
2025-09-13T10:34:56,22.7,23.3,22.4,21.8
2025-09-13T10:39:56,22.7,23.4,22.4,21.9
2025-09-13T10:44:56,22.7,23.6,22.5,22.0
2025-09-13T10:49:56,22.8,23.5,22.6,22.0
2025-09-13T10:54:56,22.8,23.5,22.6,21.9
2025-09-13T10:59:56,22.7,23.4,22.5,22.1
2025-09-13T11:04:56,22.8,23.4,22.6,22.0
2025-09-13T11:09:56,22.8,23.5,22.7,22.0
2025-09-13T11:14:56,22.9,23.7,22.7,22.1
2025-09-13T11:19:56,22.9,23.6,22.7,22.0
2025-09-13T11:24:56,22.9,23.6,22.7,22.1
2025-09-13T11:29:56,22.9,23.6,22.8,22.1
2025-09-13T11:34:56,23.2,23.6,22.9,22.3
2025-09-13T11:39:56,23.0,23.7,22.9,22.2
2025-09-13T11:44:56,23.2,23.9,22.8,22.2
2025-09-13T11:49:56,23.1,23.8,22.9,22.3
2025-09-13T11:54:57,23.1,23.8,23.0,22.2
2025-09-13T11:59:57,23.1,23.8,23.1,22.3
2025-09-13T12:04:57,23.2,23.9,23.0,22.3
2025-09-13T12:09:57,23.1,23.8,23.1,22.4
2025-09-13T12:14:57,23.2,23.9,23.0,22.4
2025-09-13T12:19:57,23.2,23.8,23.0,22.3
2025-09-13T12:24:57,23.1,23.9,22.9,22.3
2025-09-13T12:29:57,23.1,23.8,23.0,22.4
2025-09-13T12:34:57,23.2,24.0,23.0,22.5
2025-09-13T12:39:57,23.3,24.1,23.1,22.5
2025-09-13T12:44:57,23.3,24.1,23.3,22.5
2025-09-13T12:49:57,23.4,24.2,23.2,22.7
2025-09-13T12:54:57,23.4,24.2,23.4,22.6
2025-09-13T12:59:57,23.5,24.2,23.4,22.7
2025-09-13T13:04:57,23.4,24.3,23.4,22.7
2025-09-13T13:09:57,23.5,24.3,23.6,22.8
2025-09-13T13:14:57,23.5,24.5,23.5,22.8
2025-09-13T13:19:57,23.6,24.3,23.5,22.7
2025-09-13T13:24:57,23.6,24.3,23.5,22.8
2025-09-13T13:29:57,23.5,24.3,23.5,22.8
2025-09-13T13:34:57,23.6,24.3,23.6,22.8
2025-09-13T13:39:57,23.6,24.3,23.4,22.8
2025-09-13T13:44:57,23.7,24.4,23.4,23.0
2025-09-13T13:49:57,23.7,24.4,23.4,22.9
2025-09-13T13:54:57,23.7,24.4,23.5,22.9
2025-09-13T13:59:57,23.9,24.5,23.6,22.9
2025-09-13T14:04:57,23.8,24.4,23.5,22.9
2025-09-13T14:09:57,23.6,24.5,23.5,22.8
2025-09-13T14:14:57,23.8,24.4,23.5,22.8
2025-09-13T14:19:57,23.7,24.3,23.4,23.0
2025-09-13T14:24:58,23.6,24.4,23.5,22.7
2025-09-13T14:29:58,23.6,24.3,23.4,22.8
2025-09-13T14:34:58,23.6,24.3,23.3,22.8
2025-09-13T14:39:58,23.6,24.2,23.3,22.7
2025-09-13T14:44:58,23.6,24.2,23.4,22.6
2025-09-13T14:49:58,23.5,24.2,23.2,22.6
2025-09-13T14:54:58,23.5,24.1,23.2,22.7
2025-09-13T14:59:58,23.5,24.1,23.2,22.6
2025-09-13T15:04:58,23.5,24.1,23.2,22.6
2025-09-13T15:09:58,23.4,24.1,23.2,22.6
2025-09-13T15:14:58,23.4,24.1,23.1,22.5
2025-09-13T15:19:58,23.4,24.1,23.2,22.5
2025-09-13T15:24:58,23.3,24.0,23.1,22.5
2025-09-13T15:29:58,23.4,24.0,23.0,22.5
2025-09-13T15:34:58,23.4,23.9,23.0,22.5
2025-09-13T15:39:58,23.3,24.0,23.1,22.4
2025-09-13T15:44:58,23.4,24.0,23.2,22.6
2025-09-13T15:49:58,23.4,24.1,23.2,22.7
2025-09-13T15:54:58,23.4,24.0,23.1,22.6
2025-09-13T15:59:58,23.4,24.1,23.1,22.5
2025-09-13T16:04:58,23.4,24.1,23.1,22.5
2025-09-13T16:09:58,23.4,24.0,23.1,22.5
2025-09-13T16:14:58,23.3,24.2,23.1,22.7
2025-09-13T16:19:58,23.3,24.3,23.1,22.9
2025-09-13T16:24:58,23.3,23.9,23.1,22.4
2025-09-13T16:29:58,23.3,23.9,23.1,22.5
2025-09-13T16:34:58,23.3,23.9,23.0,22.4
2025-09-13T16:39:58,23.3,23.9,23.0,22.3
2025-09-13T16:44:58,23.3,23.9,23.0,22.3
2025-09-13T16:49:58,23.3,23.9,22.9,22.5
2025-09-13T16:54:59,23.2,23.9,22.9,22.7
2025-09-13T16:59:59,23.3,23.9,23.0,22.4
2025-09-13T17:04:59,23.3,23.8,22.9,22.4
2025-09-13T17:09:59,23.2,23.8,22.9,22.3
2025-09-13T17:14:59,23.2,23.7,22.8,22.2
2025-09-13T17:19:59,23.2,23.7,22.9,22.3
2025-09-13T17:24:59,23.1,23.7,22.7,22.3
2025-09-13T17:29:59,23.2,23.6,22.8,22.3
2025-09-13T17:34:59,23.3,23.6,22.8,22.2
2025-09-13T17:39:59,23.2,23.7,22.7,22.5
2025-09-13T17:44:59,23.0,23.7,22.7,22.3
2025-09-13T17:49:59,23.1,23.6,22.8,22.3
2025-09-13T17:54:59,23.1,23.6,22.8,22.2
2025-09-13T17:59:59,23.1,23.6,22.7,22.1
2025-09-13T18:04:59,23.0,23.6,22.7,22.2
2025-09-13T18:09:59,23.0,23.7,22.6,22.2
2025-09-13T18:14:59,23.0,23.6,22.7,22.1
2025-09-13T18:19:59,23.2,23.6,22.7,22.2
2025-09-13T18:24:59,23.0,23.6,22.7,22.1
2025-09-13T18:29:59,23.0,23.5,22.6,22.1
2025-09-13T18:34:59,23.0,23.6,22.8,22.1
2025-09-13T18:39:59,22.9,23.6,22.7,22.2
2025-09-13T18:44:59,23.1,23.7,22.7,22.1
2025-09-13T18:49:59,23.0,23.5,22.6,22.0
2025-09-13T18:54:59,23.0,23.7,22.6,22.1
2025-09-13T18:59:59,23.0,23.6,22.7,22.1
2025-09-13T19:04:59,22.9,23.8,22.6,22.2
2025-09-13T19:09:59,22.8,23.4,22.5,21.9
2025-09-13T19:14:59,22.9,23.5,22.5,22.1
2025-09-13T19:19:59,22.9,23.4,22.7,22.1
2025-09-13T19:25:00,22.8,23.8,22.8,22.3
2025-09-13T19:30:00,22.9,23.6,22.6,22.0
2025-09-13T19:35:00,22.9,23.3,22.6,22.0
2025-09-13T19:40:00,22.8,23.4,22.6,22.0
2025-09-13T19:45:00,22.8,23.4,22.4,22.0
2025-09-13T19:50:00,22.8,23.5,22.4,21.9
2025-09-13T19:55:00,22.7,23.3,22.5,21.9
2025-09-13T20:00:00,22.9,23.3,22.4,21.9
2025-09-13T20:05:00,22.8,23.4,22.4,22.0
2025-09-13T20:10:00,22.8,23.3,22.6,21.9
2025-09-13T20:15:00,22.8,23.3,22.5,21.9
2025-09-13T20:20:00,22.7,23.4,22.4,21.9
2025-09-13T20:25:00,22.8,23.3,22.4,21.9
2025-09-13T20:30:00,22.7,23.3,22.4,21.9
2025-09-13T20:35:00,22.7,23.4,22.4,21.9
2025-09-13T20:40:00,22.7,23.4,22.3,21.8
2025-09-13T20:45:00,22.8,23.3,22.4,21.8
2025-09-13T20:50:00,22.7,23.4,22.5,21.9
2025-09-13T20:55:00,22.7,23.2,22.4,21.8
2025-09-13T21:00:00,22.7,23.2,22.4,21.8
2025-09-13T21:05:00,22.7,23.4,22.4,21.8
2025-09-13T21:10:00,22.8,23.3,22.4,21.8
2025-09-13T21:15:00,22.6,23.3,22.4,21.7
2025-09-13T21:20:00,22.7,23.3,22.3,21.9
2025-09-13T21:25:00,22.6,23.2,22.3,21.7
2025-09-13T21:30:00,22.6,23.2,22.4,21.7
2025-09-13T21:35:00,22.6,23.3,22.3,21.7
2025-09-13T21:40:00,22.7,23.2,22.3,21.7
2025-09-13T21:45:00,22.6,23.3,22.3,21.9
2025-09-13T21:50:00,22.6,23.2,22.3,21.7
2025-09-13T21:55:01,22.5,23.2,22.2,21.8
2025-09-13T22:00:01,22.6,23.1,22.3,21.7
2025-09-13T22:05:01,22.7,23.2,22.2,21.7
2025-09-13T22:10:01,22.5,23.2,22.3,21.7
2025-09-13T22:15:01,22.7,23.2,22.2,21.7
2025-09-13T22:20:01,22.6,23.1,22.3,21.7
2025-09-13T22:25:01,22.5,23.1,22.2,21.7
2025-09-13T22:30:01,22.5,23.2,22.2,21.7
2025-09-13T22:35:01,22.5,23.1,22.2,21.6
2025-09-13T22:40:01,22.4,23.3,22.2,21.7
2025-09-13T22:45:01,22.5,23.1,22.2,21.7
2025-09-13T22:50:01,22.5,23.1,22.2,21.8
2025-09-13T22:55:01,22.5,23.1,22.1,21.7
2025-09-13T23:00:01,22.5,23.1,22.2,21.7
2025-09-13T23:05:01,22.6,23.2,22.1,21.7
2025-09-13T23:10:01,22.4,23.1,22.1,21.6
2025-09-13T23:15:01,22.4,23.1,22.2,21.7
2025-09-13T23:20:01,22.4,23.1,22.1,21.7
2025-09-13T23:25:01,22.4,23.1,22.2,21.5
2025-09-13T23:30:01,22.6,23.1,22.1,21.7
2025-09-13T23:35:01,22.5,23.1,22.1,21.7
2025-09-13T23:40:01,22.4,23.1,22.2,21.7
2025-09-13T23:45:01,22.4,23.1,22.2,21.6
2025-09-13T23:50:01,22.4,23.1,22.3,21.6
2025-09-13T23:55:01,22.5,23.1,22.2,21.7
2025-09-14T00:00:01,22.6,23.1,22.3,21.7
2025-09-14T00:05:01,22.4,23.1,22.1,21.6
2025-09-14T00:10:01,22.4,23.0,22.1,21.6
2025-09-14T00:15:01,22.4,23.1,22.1,21.5
2025-09-14T00:20:02,22.4,23.1,22.1,21.7
2025-09-14T00:25:02,22.5,23.1,22.1,21.5
2025-09-14T00:30:02,22.4,23.1,22.1,21.6
2025-09-14T00:35:02,22.4,23.0,22.1,21.6
2025-09-14T00:40:02,22.5,23.1,22.1,21.5
2025-09-14T00:45:02,22.4,23.0,22.1,21.6
2025-09-14T00:50:02,22.4,23.1,22.2,21.6
2025-09-14T00:55:02,22.4,23.1,22.2,21.5
2025-09-14T01:00:02,22.4,23.1,22.0,21.5
2025-09-14T01:05:02,22.4,23.1,22.1,21.6
2025-09-14T01:10:02,22.3,23.1,22.0,21.6
2025-09-14T01:15:02,22.4,23.0,22.1,21.6
2025-09-14T01:20:02,22.4,23.0,22.1,21.6
2025-09-14T01:25:02,22.3,23.0,22.1,21.5
2025-09-14T01:30:02,22.4,23.0,22.3,21.6
2025-09-14T01:35:02,22.3,23.0,22.2,21.6
2025-09-14T01:40:02,22.5,23.0,22.1,21.5
2025-09-14T01:45:02,22.3,23.1,22.1,21.6
2025-09-14T01:50:02,22.5,22.9,22.0,21.6
2025-09-14T01:55:02,22.2,23.0,22.1,21.6
2025-09-14T02:00:02,22.3,23.0,22.0,21.6
2025-09-14T02:05:02,22.3,22.9,22.0,21.5
2025-09-14T02:10:02,22.3,23.0,22.0,21.5
2025-09-14T02:15:02,22.3,23.0,22.0,21.5
2025-09-14T02:20:02,22.4,22.8,22.1,21.8
2025-09-14T02:25:02,22.5,23.0,22.0,21.4
2025-09-14T02:30:02,22.5,22.9,22.0,21.4
2025-09-14T02:35:02,22.3,23.0,22.1,21.4
2025-09-14T02:40:02,22.4,23.0,21.9,21.4
2025-09-14T02:45:02,22.3,22.9,22.1,21.4
2025-09-14T02:50:03,22.4,22.9,22.1,21.5
2025-09-14T02:55:03,22.4,22.9,22.0,21.4
2025-09-14T03:00:03,22.3,22.9,22.1,21.5
2025-09-14T03:05:03,22.3,22.8,22.1,21.4
2025-09-14T03:10:03,22.3,22.8,21.9,21.4
2025-09-14T03:15:03,22.2,22.7,21.9,21.4
2025-09-14T03:20:03,22.3,22.8,21.8,21.3
2025-09-14T03:25:03,22.3,22.7,22.0,21.4
2025-09-14T03:30:03,22.2,22.6,22.0,21.2
2025-09-14T03:35:03,22.3,22.6,22.0,21.4
2025-09-14T03:40:03,22.2,22.7,21.8,21.2
2025-09-14T03:45:03,22.1,22.7,21.8,21.2
2025-09-14T03:50:03,22.2,22.7,21.8,21.3
2025-09-14T03:55:03,22.3,22.6,21.9,21.2
2025-09-14T04:00:03,22.2,22.7,21.7,21.2
2025-09-14T04:05:03,22.2,22.6,21.6,21.3
2025-09-14T04:10:03,22.2,22.7,22.0,21.2
2025-09-14T04:15:03,22.2,22.7,21.8,21.2
2025-09-14T04:20:03,22.1,22.6,21.7,21.2
2025-09-14T04:25:03,22.1,22.6,21.8,21.2
2025-09-14T04:30:03,22.0,22.6,21.7,21.3
2025-09-14T04:35:03,22.0,22.6,21.7,21.1
2025-09-14T04:40:03,22.1,22.5,21.6,21.2
2025-09-14T04:45:03,22.1,22.6,21.7,21.3
2025-09-14T04:50:03,22.0,22.5,21.7,21.2
2025-09-14T04:55:03,22.0,22.5,21.7,21.2
2025-09-14T05:00:03,22.1,22.6,21.8,21.1
2025-09-14T05:05:03,22.1,22.5,21.7,21.1
2025-09-14T05:10:03,22.1,22.6,21.7,21.1
2025-09-14T05:15:03,22.0,22.6,21.7,21.1
2025-09-14T05:20:03,22.0,22.5,21.7,21.1
2025-09-14T05:25:04,21.9,22.5,21.6,21.2
2025-09-14T05:30:04,21.9,22.6,21.6,21.2
2025-09-14T05:35:04,22.2,22.5,21.7,21.0
2025-09-14T05:40:04,21.9,22.5,21.6,21.0
2025-09-14T05:45:04,21.9,22.5,21.6,21.1
2025-09-14T05:50:04,21.9,22.5,21.5,21.1
2025-09-14T05:55:04,21.9,22.4,21.6,21.1
2025-09-14T06:00:04,22.0,22.5,21.7,21.1
2025-09-14T06:05:04,22.0,22.6,21.6,21.0
2025-09-14T06:10:04,22.0,22.4,21.5,21.0
2025-09-14T06:15:04,21.9,22.4,21.7,21.0
2025-09-14T06:20:04,22.0,22.4,21.7,21.0
2025-09-14T06:25:04,22.0,22.4,21.7,21.1
2025-09-14T06:30:04,22.0,22.5,21.8,21.0
2025-09-14T06:35:04,21.8,22.5,21.7,21.0
2025-09-14T06:40:04,22.0,22.4,21.6,20.9
2025-09-14T06:45:04,21.7,22.4,21.6,20.9
2025-09-14T06:50:04,21.8,22.5,21.5,21.0
2025-09-14T06:55:04,21.9,22.3,21.6,20.9
2025-09-14T07:00:04,21.8,22.4,21.7,20.9
2025-09-14T07:05:04,21.8,22.3,21.4,20.9
2025-09-14T07:10:04,21.9,22.4,21.5,20.9
2025-09-14T07:15:04,21.8,22.4,21.6,21.0
2025-09-14T07:20:04,21.7,22.5,21.6,20.9
2025-09-14T07:25:04,22.0,22.5,21.7,21.1
2025-09-14T07:30:04,21.8,22.6,21.6,21.1
2025-09-14T07:35:04,21.9,22.6,21.6,21.0
2025-09-14T07:40:04,22.0,22.5,21.7,21.0
2025-09-14T07:45:04,22.0,22.5,21.7,21.1
2025-09-14T07:50:05,21.9,22.6,21.7,21.1
2025-09-14T07:55:05,22.1,22.6,21.8,21.1
2025-09-14T08:00:05,21.9,22.6,21.8,21.2
2025-09-14T08:05:05,22.0,22.7,21.7,21.2
2025-09-14T08:10:05,22.0,22.7,21.7,21.0
2025-09-14T08:15:05,21.9,22.5,21.6,21.1
2025-09-14T08:20:05,21.9,22.7,21.7,21.2
2025-09-14T08:25:05,21.9,22.6,21.7,21.2
2025-09-14T08:30:05,22.0,22.7,21.8,21.3
2025-09-14T08:35:05,21.9,22.6,21.8,21.2
2025-09-14T08:40:05,22.0,22.6,21.7,21.2
2025-09-14T08:45:05,22.0,22.8,21.8,21.3
2025-09-14T08:50:05,22.0,22.8,21.8,21.2
2025-09-14T08:55:05,22.1,22.7,21.9,21.3
2025-09-14T09:00:05,22.1,22.8,21.8,21.3
2025-09-14T09:05:05,22.0,22.7,21.9,21.3
2025-09-14T09:10:05,22.1,22.8,21.8,21.3
2025-09-14T09:15:05,22.1,22.6,21.9,21.3
2025-09-14T09:20:05,22.2,22.9,22.0,21.4
2025-09-14T09:25:05,22.3,22.8,21.9,21.3
2025-09-14T09:30:05,22.3,22.9,22.0,21.4
2025-09-14T09:35:05,22.2,22.8,22.0,21.3
2025-09-14T09:40:05,22.2,23.0,22.0,21.5
2025-09-14T09:45:05,22.2,23.0,22.2,21.5
2025-09-14T09:50:05,22.3,22.9,22.1,21.4
2025-09-14T09:55:05,22.3,22.9,22.1,21.5
2025-09-14T10:00:05,22.5,23.1,22.2,21.6
2025-09-14T10:05:05,22.3,23.0,22.3,21.5
2025-09-14T10:10:05,22.6,23.1,22.3,21.6
2025-09-14T10:15:05,22.4,23.2,22.4,21.5
2025-09-14T10:20:05,22.5,23.2,22.4,21.6
2025-09-14T10:25:06,22.6,23.3,22.3,21.7
2025-09-14T10:30:06,22.5,23.3,22.6,21.8
2025-09-14T10:35:06,22.6,23.4,22.7,21.8
2025-09-14T10:40:06,22.7,23.4,22.5,21.7
2025-09-14T10:45:06,22.7,23.4,22.6,22.0
2025-09-14T10:50:06,22.7,23.4,22.7,22.0
2025-09-14T10:55:06,22.8,23.5,22.7,22.0
2025-09-14T11:00:06,22.9,23.6,22.7,22.0
2025-09-14T11:05:06,22.9,23.7,22.8,22.0
2025-09-14T11:10:06,23.0,23.8,22.9,22.2
2025-09-14T11:15:06,22.9,23.7,22.9,22.2
2025-09-14T11:20:06,23.1,23.7,23.0,22.2
2025-09-14T11:25:06,23.1,23.8,23.0,22.3
2025-09-14T11:30:06,23.1,23.8,23.1,22.4
2025-09-14T11:35:06,23.2,23.8,23.1,22.3
2025-09-14T11:40:06,23.3,23.9,23.2,22.3
2025-09-14T11:45:06,23.3,24.0,23.2,22.4
2025-09-14T11:50:06,23.3,24.1,23.2,22.5
2025-09-14T11:55:06,23.3,24.0,23.2,22.5
2025-09-14T12:00:06,23.3,24.1,23.2,22.5
2025-09-14T12:05:06,23.5,24.4,23.3,22.8
2025-09-14T12:10:06,23.4,24.3,23.4,22.6
2025-09-14T12:15:06,23.5,24.2,23.5,22.6
2025-09-14T12:20:06,23.7,24.3,23.5,22.7
2025-09-14T12:25:06,23.5,24.3,23.6,22.8
2025-09-14T12:30:06,23.7,24.5,23.6,22.8
2025-09-14T12:35:06,23.7,24.4,23.6,22.8
2025-09-14T12:40:06,23.7,24.6,23.7,23.0
2025-09-14T12:45:06,23.9,24.5,23.8,22.9
2025-09-14T12:50:06,23.8,24.7,23.8,23.0
2025-09-14T12:55:06,23.8,24.5,23.8,23.0
2025-09-14T13:00:07,23.8,24.4,23.7,22.9
2025-09-14T13:05:07,23.9,24.5,23.8,23.1
2025-09-14T13:10:07,24.0,24.6,23.8,23.1
2025-09-14T13:15:07,24.1,24.7,23.8,23.2
2025-09-14T13:20:07,24.2,24.8,24.0,23.0
2025-09-14T13:25:07,24.0,24.6,23.9,23.0
2025-09-14T13:30:07,24.1,24.8,24.0,23.2
2025-09-14T13:35:07,24.1,24.9,24.0,23.2
2025-09-14T13:40:07,24.2,24.8,24.2,23.2
2025-09-14T13:45:07,24.2,25.0,24.1,23.4
2025-09-14T13:50:07,24.2,24.9,24.3,23.4
2025-09-14T13:55:07,24.2,25.0,24.3,23.5
2025-09-14T14:00:07,24.5,25.1,24.4,23.6
2025-09-14T14:05:07,24.6,25.1,24.6,23.5
2025-09-14T14:10:07,24.5,25.1,24.3,23.5
2025-09-14T14:15:07,24.5,25.2,24.5,23.5
2025-09-14T14:20:07,24.5,25.3,24.6,23.7
2025-09-14T14:25:07,24.6,25.3,24.6,23.7
2025-09-14T14:30:07,24.5,25.4,24.7,23.7
2025-09-14T14:35:07,24.6,25.4,24.8,23.7
2025-09-14T14:40:07,24.7,25.4,24.9,23.8
2025-09-14T14:45:07,24.8,25.3,24.7,23.8
2025-09-14T14:50:07,24.7,25.4,24.7,23.8
2025-09-14T14:55:07,24.8,25.5,24.6,23.7
2025-09-14T15:00:07,24.8,25.5,24.7,23.8
2025-09-14T15:05:07,24.8,25.4,24.7,23.9
2025-09-14T15:10:07,24.8,25.4,24.7,23.9
2025-09-14T15:15:07,24.7,25.6,24.7,23.9
2025-09-14T15:20:07,24.7,25.5,24.7,23.9
2025-09-14T15:25:07,24.7,25.5,24.7,23.9
2025-09-14T15:30:07,24.8,25.4,24.8,23.9
2025-09-14T15:35:08,24.8,25.5,24.7,23.9
2025-09-14T15:40:08,25.3,25.5,25.0,24.0
2025-09-14T15:45:08,25.1,25.5,25.1,24.1
2025-09-14T15:50:08,24.9,25.6,25.0,24.0
2025-09-14T15:55:08,25.0,25.6,25.2,24.0
2025-09-14T16:00:08,24.8,25.6,25.0,23.9
2025-09-14T16:05:08,25.1,25.8,25.2,23.9
2025-09-14T16:10:08,24.9,25.7,24.8,24.0
2025-09-14T16:15:08,24.8,25.5,25.0,24.0
2025-09-14T16:20:08,24.8,25.6,24.8,24.0
2025-09-14T16:25:08,25.1,25.6,24.8,24.0
2025-09-14T16:30:08,25.0,25.5,25.0,23.9
2025-09-14T16:35:08,25.0,25.4,25.0,23.9
2025-09-14T16:40:08,25.0,25.6,25.0,23.8
2025-09-14T16:45:08,24.7,25.4,24.6,23.9
2025-09-14T16:50:08,24.7,25.3,24.7,23.7
2025-09-14T16:55:08,24.5,25.3,24.6,23.7
2025-09-14T17:00:08,24.6,25.3,24.4,23.7
2025-09-14T17:05:08,24.6,25.2,24.5,23.8
2025-09-14T17:10:08,24.5,25.1,24.2,23.7
2025-09-14T17:15:08,24.6,25.1,24.5,23.7
2025-09-14T17:20:08,24.4,25.0,24.2,23.7
2025-09-14T17:25:08,24.6,25.1,24.3,23.6
2025-09-14T17:30:08,24.6,24.9,24.4,23.7
2025-09-14T17:35:08,24.4,25.0,24.1,23.5
2025-09-14T17:40:08,24.4,25.0,24.2,23.6
2025-09-14T17:45:08,24.5,24.8,24.0,23.4
2025-09-14T17:50:08,24.2,24.9,23.9,23.4
2025-09-14T17:55:08,24.2,24.9,24.1,23.5
2025-09-14T18:00:08,24.5,24.9,24.2,23.4
2025-09-14T18:05:08,24.4,24.8,24.1,23.4
2025-09-14T18:10:09,24.2,24.7,23.9,23.3
2025-09-14T18:15:09,24.1,24.6,24.0,23.4
2025-09-14T18:20:09,24.2,24.8,24.0,23.3
2025-09-14T18:25:09,24.1,24.6,23.9,23.3
2025-09-14T18:30:09,24.0,24.7,23.8,23.2
2025-09-14T18:35:09,24.0,24.7,23.7,23.1
2025-09-14T18:40:09,24.0,24.8,23.8,23.1
2025-09-14T18:45:09,24.0,24.6,23.7,23.2
2025-09-14T18:50:09,23.9,24.6,23.7,23.2
2025-09-14T18:55:09,24.0,24.5,23.7,23.0
2025-09-14T19:00:09,23.8,24.4,23.7,23.1
2025-09-14T19:05:09,23.9,24.5,23.7,22.9
2025-09-14T19:10:09,23.8,24.4,23.5,22.9
2025-09-14T19:15:09,23.8,24.4,23.5,22.8
2025-09-14T19:20:09,23.7,24.5,23.4,22.8
2025-09-14T19:25:09,23.8,24.3,23.5,22.9
2025-09-14T19:30:09,23.8,24.4,23.6,22.9
2025-09-14T19:35:09,23.7,24.3,23.5,22.8
2025-09-14T19:40:09,23.7,24.3,23.4,22.9
2025-09-14T19:45:09,23.6,24.3,23.4,22.8
2025-09-14T19:50:09,23.7,24.3,23.4,22.7
2025-09-14T19:55:09,23.7,24.2,23.5,22.7
2025-09-14T20:00:09,23.6,24.2,23.4,22.6
2025-09-14T20:05:09,23.6,24.2,23.3,22.7
2025-09-14T20:10:09,23.5,24.1,23.4,22.6
2025-09-14T20:15:09,23.6,24.3,23.3,22.7
2025-09-14T20:20:09,23.7,24.3,23.3,22.6
2025-09-14T20:25:09,23.5,24.1,23.2,22.6
2025-09-14T20:30:09,23.5,24.1,23.4,22.6
2025-09-14T20:35:09,23.6,24.0,23.3,22.6
2025-09-14T20:40:10,23.5,24.1,23.2,22.5
2025-09-14T20:45:10,23.5,24.1,23.2,22.5
2025-09-14T20:50:10,23.4,24.1,23.2,22.5
2025-09-14T20:55:10,23.6,24.1,23.1,22.6
2025-09-14T21:00:10,23.6,24.1,23.0,22.5
2025-09-14T21:05:10,23.5,24.0,23.2,22.5
2025-09-14T21:10:10,23.4,24.0,23.3,22.5
2025-09-14T21:15:10,23.3,24.0,23.1,22.4
2025-09-14T21:20:10,23.3,24.0,23.1,22.4
2025-09-14T21:25:10,23.4,23.9,22.9,22.4
2025-09-14T21:30:10,23.3,24.0,23.1,22.6
2025-09-14T21:35:10,23.4,24.0,23.2,22.4
2025-09-14T21:40:10,23.3,23.9,23.1,22.4
2025-09-14T21:45:10,23.3,23.9,23.0,22.3
2025-09-14T21:50:10,23.4,23.9,23.0,22.5
2025-09-14T21:55:10,23.3,23.9,22.9,22.4
2025-09-14T22:00:10,23.5,23.8,22.9,22.4
2025-09-14T22:05:10,23.6,23.9,23.3,22.4
2025-09-14T22:10:10,23.6,23.8,23.2,22.3
2025-09-14T22:15:10,23.6,23.8,23.1,22.2
2025-09-14T22:20:10,23.5,23.8,23.3,22.2
2025-09-14T22:25:10,23.6,23.8,23.2,22.3
2025-09-14T22:30:10,23.6,23.7,23.3,22.3
2025-09-14T22:35:10,23.2,23.8,22.9,22.3
2025-09-14T22:40:10,23.2,23.7,22.9,22.2
2025-09-14T22:45:10,23.3,23.7,22.9,22.2
2025-09-14T22:50:10,23.2,23.9,22.9,22.3
2025-09-14T22:55:10,23.3,23.8,22.9,22.2
2025-09-14T23:00:10,23.3,23.7,22.9,22.3
2025-09-14T23:05:10,23.3,23.8,22.9,22.4
2025-09-14T23:10:11,23.2,23.8,22.9,22.3
2025-09-14T23:15:11,23.2,23.7,22.9,22.2
2025-09-14T23:20:11,23.2,23.8,22.7,22.3
2025-09-14T23:25:11,23.1,23.7,22.9,22.2
2025-09-14T23:30:11,23.0,23.6,22.8,22.2
2025-09-14T23:35:11,23.1,23.7,22.8,22.2
2025-09-14T23:40:11,23.2,23.6,22.8,22.1
2025-09-14T23:45:11,23.2,23.6,22.9,22.1
2025-09-14T23:50:11,23.2,23.7,22.8,22.2
2025-09-14T23:55:11,23.1,23.5,22.8,22.2
2025-09-15T00:00:11,23.1,23.7,22.7,22.1
2025-09-15T00:05:11,23.2,23.7,22.8,22.2
2025-09-15T00:10:11,23.0,23.6,22.7,22.1
2025-09-15T00:15:11,23.1,23.6,22.8,22.2
2025-09-15T00:20:11,23.0,23.6,22.6,22.1
2025-09-15T00:25:11,23.0,23.6,22.8,22.2
2025-09-15T00:30:11,23.1,23.6,22.7,22.1
2025-09-15T00:35:11,23.1,23.7,22.7,22.2
2025-09-15T00:40:11,23.1,23.5,22.7,22.1
2025-09-15T00:45:11,23.0,23.6,22.6,22.2
2025-09-15T00:50:11,22.9,23.6,22.8,22.1
2025-09-15T00:55:11,23.0,23.6,22.7,22.3
2025-09-15T01:00:11,23.0,23.6,22.7,22.2
2025-09-15T01:05:11,23.0,23.6,22.7,22.1
2025-09-15T01:10:11,23.0,23.5,22.7,22.2
2025-09-15T01:15:11,23.0,23.7,22.7,22.1
2025-09-15T01:20:11,22.9,23.6,22.6,22.1
2025-09-15T01:25:11,23.0,23.5,22.8,22.2
2025-09-15T01:30:11,23.0,23.6,22.6,22.2
2025-09-15T01:35:12,23.0,23.5,22.7,22.1
2025-09-15T01:40:12,23.0,23.5,22.7,22.1
2025-09-15T01:45:12,23.0,23.4,22.7,22.2
2025-09-15T01:50:12,23.0,23.5,22.7,22.1
2025-09-15T01:55:12,23.0,23.6,22.7,22.1
2025-09-15T02:00:12,23.0,23.6,22.7,22.0
2025-09-15T02:05:12,23.0,23.5,22.7,22.3
2025-09-15T02:10:12,23.0,23.6,22.7,22.0
2025-09-15T02:15:12,22.9,23.6,22.6,22.0
2025-09-15T02:20:12,23.0,23.6,22.8,22.1
2025-09-15T02:25:12,23.0,23.7,22.7,22.1
2025-09-15T02:30:12,22.9,23.7,22.6,22.1
2025-09-15T02:35:12,22.9,23.6,22.7,22.0
2025-09-15T02:40:12,22.9,23.7,22.7,22.2
2025-09-15T02:45:12,23.0,23.6,22.7,22.0
2025-09-15T02:50:12,22.9,23.6,22.8,22.0
2025-09-15T02:55:12,23.0,23.5,22.6,22.1
2025-09-15T03:00:12,22.9,23.7,22.6,21.9
2025-09-15T03:05:12,23.0,23.6,22.7,22.0
2025-09-15T03:10:12,23.0,23.6,22.6,22.1
2025-09-15T03:15:12,23.1,23.7,22.7,22.0
2025-09-15T03:20:12,23.0,23.6,22.7,22.1
2025-09-15T03:25:12,22.9,23.7,22.7,22.1
2025-09-15T03:30:12,23.1,23.6,22.6,22.0
2025-09-15T03:35:12,23.1,23.6,22.6,22.0
2025-09-15T03:40:12,22.9,23.6,22.7,22.0
2025-09-15T03:45:12,22.9,23.6,22.6,22.1
2025-09-15T03:50:12,23.1,23.6,22.7,22.1
2025-09-15T03:55:12,22.9,23.7,22.5,22.0
2025-09-15T04:00:12,23.0,23.7,22.8,22.0
2025-09-15T04:05:12,23.0,23.6,22.6,22.1
2025-09-15T04:10:13,23.0,23.5,22.7,22.2
2025-09-15T04:15:13,23.0,23.5,22.6,22.0
2025-09-15T04:20:13,22.9,23.6,22.7,22.1
2025-09-15T04:25:13,22.9,23.6,22.6,22.0
2025-09-15T04:30:13,23.1,23.5,22.5,22.0
2025-09-15T04:35:13,23.0,23.5,22.5,22.0
2025-09-15T04:40:13,23.1,23.6,22.7,22.0
2025-09-15T04:45:13,22.9,23.5,22.6,22.2
2025-09-15T04:50:13,23.0,23.5,22.6,22.0
2025-09-15T04:55:13,23.0,23.6,22.6,22.0
2025-09-15T05:00:13,22.9,23.6,22.6,21.9
2025-09-15T05:05:13,23.0,23.6,22.8,22.0
2025-09-15T05:10:13,22.9,23.5,22.5,22.0
2025-09-15T05:15:13,22.9,23.5,22.6,22.0
2025-09-15T05:20:13,23.0,23.5,22.6,22.0
2025-09-15T05:25:13,23.0,23.4,22.7,21.9
2025-09-15T05:30:13,22.9,23.4,22.6,21.9
2025-09-15T05:35:13,22.9,23.1,22.6,21.8
2025-09-15T05:40:13,22.8,23.4,22.6,22.0
2025-09-15T05:45:13,22.7,23.0,22.4,21.6
2025-09-15T05:50:13,22.9,23.1,22.5,21.8
2025-09-15T05:55:13,22.8,23.1,22.4,21.7
2025-09-15T06:00:13,22.8,23.1,22.5,21.7
2025-09-15T06:05:13,22.9,23.2,22.4,21.7
2025-09-15T06:10:13,22.6,23.0,22.4,21.7
2025-09-15T06:15:13,22.7,23.0,22.3,21.7
2025-09-15T06:20:13,22.6,23.0,22.2,21.6
2025-09-15T06:25:13,22.6,23.0,22.3,21.5
2025-09-15T06:30:13,22.7,23.0,22.3,21.6
2025-09-15T06:35:14,22.6,23.0,22.3,21.5
2025-09-15T06:40:14,22.6,22.9,22.2,21.4
2025-09-15T06:45:14,22.5,22.9,22.2,21.5
2025-09-15T06:50:14,22.5,23.0,22.1,21.5
2025-09-15T06:55:14,22.5,23.0,22.3,21.4
2025-09-15T07:00:14,22.6,23.1,22.3,21.5
2025-09-15T07:05:14,22.6,23.1,22.3,21.4
2025-09-15T07:10:14,22.4,23.0,22.3,21.5
2025-09-15T07:15:14,22.5,22.8,22.1,21.5
2025-09-15T07:20:14,22.5,23.0,22.2,21.6
2025-09-15T07:25:14,22.5,23.1,22.3,21.6
2025-09-15T07:30:14,22.5,23.0,22.4,21.7
2025-09-15T07:35:14,22.6,23.0,22.6,21.7
2025-09-15T07:40:14,22.6,22.9,22.6,21.6
2025-09-15T07:45:14,22.7,23.1,22.6,21.6
2025-09-15T07:50:14,22.6,23.0,22.5,21.6
2025-09-15T07:55:14,22.8,23.0,22.6,21.7
2025-09-15T08:00:14,22.9,23.3,22.8,21.6
2025-09-15T08:05:14,22.8,23.2,22.7,21.9
2025-09-15T08:10:14,22.7,23.2,22.7,21.8
2025-09-15T08:15:14,22.8,23.1,22.7,21.8
2025-09-15T08:20:14,22.9,23.2,22.9,21.7
2025-09-15T08:25:14,22.9,23.4,22.8,21.9
2025-09-15T08:30:14,23.0,23.3,22.9,21.7
2025-09-15T08:35:14,22.9,23.5,22.8,21.7
2025-09-15T08:40:14,23.1,23.5,22.7,21.8
2025-09-15T08:45:14,22.9,23.5,22.8,22.0
2025-09-15T08:50:14,23.0,23.5,22.8,21.9
2025-09-15T08:55:14,23.0,23.7,22.9,22.0
2025-09-15T09:00:14,22.9,23.5,23.0,21.8
2025-09-15T09:05:15,23.0,23.5,22.8,21.9
2025-09-15T09:10:15,23.1,23.5,23.2,21.9
2025-09-15T09:15:15,23.1,23.6,23.0,22.0
2025-09-15T09:20:15,23.2,23.9,23.1,22.0
2025-09-15T09:25:15,23.1,23.8,22.8,22.0
2025-09-15T09:30:15,23.0,23.7,22.9,22.2
2025-09-15T09:35:15,23.2,24.0,22.9,22.4
2025-09-15T09:40:15,23.3,23.8,23.0,22.1
2025-09-15T09:45:15,23.2,23.9,23.1,22.2
2025-09-15T09:50:15,23.3,24.1,23.1,22.2
2025-09-15T09:55:15,23.4,24.0,23.1,22.3
2025-09-15T10:00:15,23.5,24.2,23.2,22.4
2025-09-15T10:05:15,23.6,24.4,23.2,22.4
