Tijdstip,Graden
16-07-2025 11:32,325.5
16-07-2025 11:38,325.5
16-07-2025 11:43,325.5
16-07-2025 11:48,325.5
16-07-2025 11:53,325.0
16-07-2025 11:58,325.5
16-07-2025 12:03,325.5
20-07-2025 16:55,200.0
29-08-2025 11:04,337.3
29-08-2025 11:09,337.3
29-08-2025 11:14,337.3
29-08-2025 11:19,337.3
29-08-2025 11:21,337.3
29-08-2025 11:26,337.3
29-08-2025 11:31,337.3
29-08-2025 11:36,337.3
29-08-2025 11:41,337.3
29-08-2025 11:46,337.3
29-08-2025 11:51,337.3
29-08-2025 11:56,337.3
29-08-2025 12:01,337.3
29-08-2025 12:06,337.3
29-08-2025 12:11,337.3
29-08-2025 12:16,337.3
29-08-2025 12:21,337.3
29-08-2025 12:26,337.3
29-08-2025 12:31,337.3
29-08-2025 12:36,337.3
29-08-2025 12:41,337.3
29-08-2025 12:46,337.3
29-08-2025 12:51,54.5
29-08-2025 12:56,54.5
29-08-2025 13:01,54.5
29-08-2025 13:07,54.5
29-08-2025 13:12,54.5
29-08-2025 13:17,55.0
29-08-2025 13:22,55.0
29-08-2025 13:27,55.0
29-08-2025 13:32,55.0
29-08-2025 13:37,55.0
29-08-2025 13:42,55.0
29-08-2025 13:47,55.0
29-08-2025 13:52,55.0
29-08-2025 13:57,55.0
29-08-2025 14:02,55.0
29-08-2025 14:07,55.0
29-08-2025 14:12,55.0
29-08-2025 14:17,55.0
29-08-2025 14:22,55.0
29-08-2025 14:27,55.0
29-08-2025 14:32,55.0
29-08-2025 14:37,55.0
29-08-2025 14:42,55.0
29-08-2025 14:47,55.0
29-08-2025 14:52,55.0
29-08-2025 14:57,55.0
29-08-2025 15:02,55.0
29-08-2025 15:07,256.1
29-08-2025 15:12,256.6
29-08-2025 15:17,256.1
29-08-2025 15:22,256.1
29-08-2025 15:27,256.1
29-08-2025 15:32,256.1
29-08-2025 15:37,256.1
29-08-2025 15:42,256.1
29-08-2025 15:47,256.1
29-08-2025 15:52,256.1
29-08-2025 15:57,256.1
29-08-2025 16:02,256.1
29-08-2025 16:07,256.1
29-08-2025 16:12,256.1
29-08-2025 16:17,256.1
29-08-2025 16:22,256.1
29-08-2025 16:27,256.1
29-08-2025 16:32,256.1
29-08-2025 16:37,256.1
29-08-2025 16:42,256.1
29-08-2025 16:47,256.1
29-08-2025 16:52,256.1
29-08-2025 16:57,256.1
29-08-2025 17:02,256.1
29-08-2025 17:07,256.1
29-08-2025 17:12,256.1
29-08-2025 17:17,256.1
29-08-2025 17:22,256.1
29-08-2025 17:27,256.1
29-08-2025 17:32,256.1
29-08-2025 17:37,256.1
29-08-2025 17:43,256.1
29-08-2025 17:48,256.1
29-08-2025 17:53,193.8
29-08-2025 17:58,193.8
29-08-2025 18:03,193.8
29-08-2025 18:08,193.8
29-08-2025 18:13,193.8
29-08-2025 18:18,193.8
29-08-2025 18:23,193.8
29-08-2025 18:28,193.8
29-08-2025 18:33,193.8
29-08-2025 18:38,193.8
29-08-2025 18:43,193.8
29-08-2025 18:48,193.8
29-08-2025 18:53,193.8
29-08-2025 18:58,193.8
29-08-2025 19:03,193.8
29-08-2025 19:08,193.8
29-08-2025 19:13,193.8
29-08-2025 19:18,193.8
29-08-2025 19:23,193.8
29-08-2025 19:28,193.8
29-08-2025 19:33,193.8
29-08-2025 19:38,193.8
29-08-2025 19:43,193.8
29-08-2025 19:48,193.8
29-08-2025 19:53,193.8
29-08-2025 19:58,193.8
29-08-2025 20:03,193.8
29-08-2025 20:08,193.8
29-08-2025 20:13,193.8
29-08-2025 20:18,193.8
29-08-2025 20:23,193.8
29-08-2025 20:28,193.8
29-08-2025 20:33,193.8
29-08-2025 20:38,193.3
29-08-2025 20:43,193.8
29-08-2025 20:48,193.8
29-08-2025 20:53,193.8
29-08-2025 20:58,193.8
29-08-2025 21:03,193.8
29-08-2025 21:08,193.8
29-08-2025 21:13,193.8
29-08-2025 21:18,193.3
29-08-2025 21:23,193.8
29-08-2025 21:28,193.8
29-08-2025 21:33,193.8
29-08-2025 21:38,193.8
29-08-2025 21:43,193.8
29-08-2025 21:48,193.8
29-08-2025 21:53,193.8
29-08-2025 21:58,193.3
29-08-2025 22:03,193.8
29-08-2025 22:08,193.8
29-08-2025 22:14,193.8
29-08-2025 22:19,193.8
29-08-2025 22:24,193.3
29-08-2025 22:29,193.3
29-08-2025 22:34,193.8
29-08-2025 22:39,193.8
29-08-2025 22:44,193.8
29-08-2025 22:49,193.8
29-08-2025 22:54,193.8
29-08-2025 22:59,193.8
29-08-2025 23:04,193.8
29-08-2025 23:09,193.8
29-08-2025 23:14,193.8
29-08-2025 23:19,193.8
29-08-2025 23:24,193.8
29-08-2025 23:29,193.8
29-08-2025 23:34,193.8
29-08-2025 23:39,193.8
29-08-2025 23:44,193.8
29-08-2025 23:49,193.8
29-08-2025 23:54,193.8
29-08-2025 23:59,193.8
30-08-2025 00:04,193.8
30-08-2025 00:09,193.8
30-08-2025 00:14,193.8
30-08-2025 00:19,193.8
30-08-2025 00:24,193.8
30-08-2025 00:29,193.8
30-08-2025 00:34,193.8
30-08-2025 00:39,193.8
30-08-2025 00:44,193.8
30-08-2025 00:49,193.8
30-08-2025 00:54,193.8
30-08-2025 00:59,193.8
30-08-2025 01:04,193.8
30-08-2025 01:09,193.8
30-08-2025 01:14,193.8
30-08-2025 01:19,193.8
30-08-2025 01:24,193.8
30-08-2025 01:29,193.8
30-08-2025 01:34,193.8
30-08-2025 01:39,193.8
30-08-2025 01:44,193.8
30-08-2025 01:49,193.8
30-08-2025 01:54,193.8
30-08-2025 01:59,193.8
30-08-2025 02:04,193.8
30-08-2025 02:09,193.8
30-08-2025 02:14,193.8
30-08-2025 02:19,193.8
30-08-2025 02:24,193.8
30-08-2025 02:29,193.8
30-08-2025 02:34,193.8
30-08-2025 02:39,193.8
30-08-2025 02:44,193.8
30-08-2025 02:50,193.8
30-08-2025 02:55,193.8
30-08-2025 03:00,193.8
30-08-2025 03:05,193.8
30-08-2025 03:10,193.8
30-08-2025 03:15,193.3
30-08-2025 03:20,193.8
30-08-2025 03:25,193.8
30-08-2025 03:30,193.8
30-08-2025 03:35,193.8
30-08-2025 03:40,193.8
30-08-2025 03:45,193.8
30-08-2025 03:50,193.8
30-08-2025 03:55,193.8
30-08-2025 04:00,193.8
30-08-2025 04:05,193.8
30-08-2025 04:10,193.3
30-08-2025 04:15,193.8
30-08-2025 04:20,193.8
30-08-2025 04:25,193.8
30-08-2025 04:30,193.8
30-08-2025 04:35,193.8
30-08-2025 04:40,193.8
30-08-2025 04:45,193.8
30-08-2025 04:50,193.8
30-08-2025 04:55,193.8
30-08-2025 05:00,193.8
30-08-2025 05:05,193.8
30-08-2025 05:10,193.8
30-08-2025 05:15,193.8
30-08-2025 05:20,193.8
30-08-2025 05:25,193.8
30-08-2025 05:30,193.8
30-08-2025 05:35,193.8
30-08-2025 05:40,193.8
30-08-2025 05:45,193.8
30-08-2025 05:50,193.8
30-08-2025 05:55,193.8
30-08-2025 06:00,193.8
30-08-2025 06:05,193.8
30-08-2025 06:10,193.8
30-08-2025 06:15,193.8
30-08-2025 06:20,193.8
30-08-2025 06:25,193.8
30-08-2025 06:30,193.8
30-08-2025 06:35,193.3
30-08-2025 06:40,193.8
30-08-2025 06:45,193.8
30-08-2025 06:50,193.3
30-08-2025 06:55,193.8
30-08-2025 07:00,193.8
30-08-2025 07:05,193.8
30-08-2025 07:10,193.8
30-08-2025 07:15,193.8
30-08-2025 07:21,193.8
30-08-2025 07:26,193.8
30-08-2025 07:31,193.8
30-08-2025 07:36,193.8
30-08-2025 07:41,193.8
30-08-2025 07:46,193.8
30-08-2025 07:51,193.8
30-08-2025 07:56,193.3
30-08-2025 08:01,193.8
30-08-2025 08:06,193.8
30-08-2025 08:11,193.8
30-08-2025 08:16,193.8
30-08-2025 08:21,193.8
30-08-2025 08:26,193.8
30-08-2025 08:31,193.8
30-08-2025 08:36,193.8
30-08-2025 08:41,193.8
30-08-2025 08:46,193.8
30-08-2025 08:51,193.8
30-08-2025 08:56,193.8
30-08-2025 09:01,193.3
30-08-2025 09:06,193.8
30-08-2025 09:11,193.8
30-08-2025 09:16,193.8
30-08-2025 09:21,193.8
30-08-2025 09:26,193.8
30-08-2025 09:31,193.8
30-08-2025 09:36,193.8
30-08-2025 09:41,193.3
30-08-2025 09:46,193.8
30-08-2025 09:51,193.8
30-08-2025 09:56,193.8
30-08-2025 10:01,193.8
30-08-2025 10:06,193.8
30-08-2025 10:11,193.8
30-08-2025 10:16,193.8
30-08-2025 10:21,193.8
30-08-2025 10:26,193.8
30-08-2025 10:31,193.8
30-08-2025 10:36,193.8
30-08-2025 10:41,193.8
30-08-2025 10:46,193.8
30-08-2025 10:51,193.8
30-08-2025 10:56,193.8
30-08-2025 11:01,193.8
30-08-2025 11:06,193.3
30-08-2025 11:11,193.3
30-08-2025 11:16,193.3
30-08-2025 11:21,193.3
30-08-2025 11:26,193.3
30-08-2025 11:31,193.3
30-08-2025 11:36,193.3
30-08-2025 11:41,193.3
30-08-2025 11:46,193.3
30-08-2025 11:51,193.3
30-08-2025 11:57,193.3
30-08-2025 12:02,193.3
30-08-2025 12:07,193.3
30-08-2025 12:12,193.3
30-08-2025 12:17,193.3
30-08-2025 12:22,193.3
30-08-2025 12:27,193.3
30-08-2025 12:32,193.3
30-08-2025 12:37,193.3
30-08-2025 12:42,193.3
30-08-2025 12:47,193.3
30-08-2025 12:52,193.3
30-08-2025 12:57,193.3
30-08-2025 13:02,193.3
30-08-2025 13:07,193.3
30-08-2025 13:12,193.3
30-08-2025 13:17,193.3
30-08-2025 13:22,193.3
30-08-2025 13:27,193.3
30-08-2025 13:32,193.3
30-08-2025 13:37,193.3
30-08-2025 13:42,193.3
30-08-2025 13:47,193.3
30-08-2025 13:52,193.3
30-08-2025 13:57,193.3
30-08-2025 14:02,193.3
30-08-2025 14:07,193.3
30-08-2025 14:12,193.3
30-08-2025 14:17,193.3
30-08-2025 14:22,193.3
30-08-2025 14:27,193.3
30-08-2025 14:32,193.3
30-08-2025 14:37,193.3
30-08-2025 14:42,193.3
30-08-2025 14:47,193.3
30-08-2025 14:52,193.8
30-08-2025 14:57,193.3
30-08-2025 15:02,193.3
30-08-2025 15:07,193.3
30-08-2025 15:12,193.3
30-08-2025 15:17,193.3
30-08-2025 15:22,193.3
30-08-2025 15:27,193.3
30-08-2025 15:32,193.3
30-08-2025 15:37,193.3
30-08-2025 15:42,193.3
30-08-2025 15:47,193.3
30-08-2025 15:52,193.3
30-08-2025 15:57,193.3
30-08-2025 16:02,193.3
30-08-2025 16:07,193.3
30-08-2025 16:12,193.3
30-08-2025 16:17,193.3
30-08-2025 16:22,193.3
30-08-2025 16:28,193.3
30-08-2025 16:33,193.3
30-08-2025 16:38,193.3
30-08-2025 16:43,193.3
30-08-2025 16:48,193.3
30-08-2025 16:53,193.3
30-08-2025 16:58,193.3
30-08-2025 17:03,193.3
30-08-2025 17:08,193.3
30-08-2025 17:13,193.3
30-08-2025 17:18,193.3
30-08-2025 17:23,193.3
30-08-2025 17:28,193.3
30-08-2025 17:33,193.3
30-08-2025 17:38,193.3
30-08-2025 17:43,193.3
30-08-2025 17:48,193.3
30-08-2025 17:53,193.3
30-08-2025 17:58,193.3
30-08-2025 18:03,193.3
30-08-2025 18:08,193.3
30-08-2025 18:13,193.3
30-08-2025 18:18,193.3
30-08-2025 18:23,193.3
30-08-2025 18:28,193.3
30-08-2025 18:33,193.3
30-08-2025 18:38,193.3
30-08-2025 18:43,193.3
30-08-2025 18:48,193.3
30-08-2025 18:53,193.3
30-08-2025 18:58,193.3
30-08-2025 19:03,193.3
30-08-2025 19:08,193.3
30-08-2025 19:13,193.3
30-08-2025 19:18,193.3
30-08-2025 19:23,193.3
30-08-2025 19:28,193.3
30-08-2025 19:33,193.3
30-08-2025 19:38,193.3
30-08-2025 19:43,193.3
30-08-2025 19:48,193.3
30-08-2025 19:53,193.3
30-08-2025 19:58,193.3
30-08-2025 20:03,193.3
30-08-2025 20:08,193.3
30-08-2025 20:13,193.3
30-08-2025 20:18,193.3
30-08-2025 20:23,193.3
30-08-2025 20:28,193.3
30-08-2025 20:33,193.3
30-08-2025 20:38,193.3
30-08-2025 20:43,193.3
30-08-2025 20:48,193.3
30-08-2025 20:53,193.3
30-08-2025 20:59,193.3
30-08-2025 21:04,193.3
30-08-2025 21:09,193.3
30-08-2025 21:14,193.3
30-08-2025 21:19,193.3
30-08-2025 21:24,193.3
30-08-2025 21:29,193.3
30-08-2025 21:34,193.3
30-08-2025 21:39,193.3
30-08-2025 21:44,193.3
30-08-2025 21:49,193.3
30-08-2025 21:54,193.3
30-08-2025 21:59,193.3
30-08-2025 22:04,193.3
30-08-2025 22:09,193.3
30-08-2025 22:14,193.3
30-08-2025 22:19,193.3
30-08-2025 22:24,193.3
30-08-2025 22:29,193.3
30-08-2025 22:34,193.3
30-08-2025 22:39,193.3
30-08-2025 22:44,193.3
30-08-2025 22:49,193.3
30-08-2025 22:54,193.3
30-08-2025 22:59,193.3
30-08-2025 23:04,193.3
30-08-2025 23:09,193.3
30-08-2025 23:14,193.3
30-08-2025 23:19,193.3
30-08-2025 23:24,193.3
30-08-2025 23:29,193.3
30-08-2025 23:34,193.3
30-08-2025 23:39,193.3
30-08-2025 23:44,193.3
30-08-2025 23:49,193.3
30-08-2025 23:54,193.3
30-08-2025 23:59,193.3
31-08-2025 00:04,193.3
31-08-2025 00:09,193.3
31-08-2025 00:14,193.3
31-08-2025 00:19,193.3
31-08-2025 00:24,193.8
31-08-2025 00:29,193.3
31-08-2025 00:34,193.3
31-08-2025 00:39,193.3
31-08-2025 00:44,193.3
31-08-2025 00:49,193.3
31-08-2025 00:54,193.3
31-08-2025 00:59,193.3
31-08-2025 01:04,193.3
31-08-2025 01:09,193.3
31-08-2025 01:14,193.3
31-08-2025 01:19,193.3
31-08-2025 01:24,193.3
31-08-2025 01:29,193.3
31-08-2025 01:35,193.3
31-08-2025 01:40,193.3
31-08-2025 01:45,193.3
31-08-2025 01:50,193.3
31-08-2025 01:55,193.3
31-08-2025 02:00,193.3
31-08-2025 02:05,193.3
31-08-2025 02:10,193.3
31-08-2025 02:15,193.3
31-08-2025 02:20,193.3
31-08-2025 02:25,193.3
31-08-2025 02:30,193.3
31-08-2025 02:35,193.3
31-08-2025 02:40,193.3
31-08-2025 02:45,193.3
31-08-2025 02:50,193.3
31-08-2025 02:55,193.3
31-08-2025 03:00,193.3
31-08-2025 03:05,193.3
31-08-2025 03:10,193.3
31-08-2025 03:15,193.3
31-08-2025 03:20,193.3
31-08-2025 03:25,193.3
31-08-2025 03:30,193.3
31-08-2025 03:35,193.3
31-08-2025 03:40,193.3
31-08-2025 03:45,193.3
31-08-2025 03:50,193.3
31-08-2025 03:55,193.3
31-08-2025 04:00,193.3
31-08-2025 04:05,193.3
31-08-2025 04:10,193.3
31-08-2025 04:15,193.3
31-08-2025 04:20,193.3
31-08-2025 04:25,193.3
31-08-2025 04:30,193.3
31-08-2025 04:35,193.3
31-08-2025 04:40,193.3
31-08-2025 04:45,193.3
31-08-2025 04:50,193.3
31-08-2025 04:55,193.3
31-08-2025 05:00,193.3
31-08-2025 05:05,193.3
31-08-2025 05:10,193.3
31-08-2025 05:15,193.3
31-08-2025 05:20,193.3
31-08-2025 05:25,193.3
31-08-2025 05:30,193.3
31-08-2025 05:35,193.3
31-08-2025 05:40,193.3
31-08-2025 05:45,193.3
31-08-2025 05:50,193.3
31-08-2025 05:55,193.3
31-08-2025 06:00,193.3
31-08-2025 06:06,193.3
31-08-2025 06:11,193.3
31-08-2025 06:16,193.3
31-08-2025 06:21,193.3
31-08-2025 06:26,193.3
31-08-2025 06:31,193.3
31-08-2025 06:36,193.3
31-08-2025 06:41,193.3
31-08-2025 06:46,193.3
31-08-2025 06:51,193.3
31-08-2025 06:56,193.3
31-08-2025 07:01,193.3
31-08-2025 07:06,193.3
31-08-2025 07:11,193.3
31-08-2025 07:16,193.3
31-08-2025 07:21,193.3
31-08-2025 07:26,193.3
31-08-2025 07:31,193.3
31-08-2025 07:36,193.3
31-08-2025 07:41,193.3
31-08-2025 07:46,193.3
31-08-2025 07:51,193.3
31-08-2025 07:56,193.3
31-08-2025 08:01,193.3
31-08-2025 08:06,193.3
31-08-2025 08:11,193.3
31-08-2025 08:16,193.3
31-08-2025 08:21,193.3
31-08-2025 08:26,193.3
31-08-2025 08:31,193.3
31-08-2025 08:36,193.3
31-08-2025 08:41,193.3
31-08-2025 08:46,193.3
31-08-2025 08:51,193.3
31-08-2025 08:56,193.3
31-08-2025 09:01,193.3
31-08-2025 09:06,193.3
31-08-2025 09:11,193.3
31-08-2025 09:16,193.3
31-08-2025 09:21,193.3
31-08-2025 09:26,193.3
31-08-2025 09:31,193.3
31-08-2025 09:36,193.3
31-08-2025 09:41,193.3
31-08-2025 09:46,193.3
31-08-2025 09:51,193.3
31-08-2025 09:56,193.3
31-08-2025 10:01,193.3
31-08-2025 10:06,193.3
31-08-2025 10:11,193.3
31-08-2025 10:16,193.3
31-08-2025 10:21,193.3
31-08-2025 10:26,193.3
31-08-2025 10:31,193.3
31-08-2025 10:36,193.3
31-08-2025 10:42,193.3
31-08-2025 10:47,193.3
31-08-2025 10:52,193.3
31-08-2025 10:57,193.3
31-08-2025 11:02,193.3
31-08-2025 11:07,193.3
31-08-2025 11:12,193.3
31-08-2025 11:17,193.3
31-08-2025 11:22,193.3
31-08-2025 11:27,193.3
31-08-2025 11:32,193.3
31-08-2025 11:37,193.3
31-08-2025 11:42,193.3
31-08-2025 11:47,193.3
31-08-2025 11:52,193.3
31-08-2025 11:57,193.3
31-08-2025 12:02,193.3
31-08-2025 12:07,193.3
31-08-2025 12:12,193.3
31-08-2025 12:17,193.3
31-08-2025 12:22,193.3
31-08-2025 12:27,193.3
31-08-2025 12:32,193.3
31-08-2025 12:37,193.3
31-08-2025 12:42,193.3
31-08-2025 12:47,193.3
31-08-2025 12:52,193.3
31-08-2025 12:57,193.3
31-08-2025 13:02,193.3
31-08-2025 13:07,193.3
31-08-2025 13:12,193.3
31-08-2025 13:17,193.3
31-08-2025 13:22,193.3
31-08-2025 13:27,193.3
31-08-2025 13:32,193.3
31-08-2025 13:37,193.3
31-08-2025 13:42,193.3
31-08-2025 13:47,193.3
31-08-2025 13:52,193.3
31-08-2025 13:57,193.3
31-08-2025 14:02,193.3
31-08-2025 14:07,193.3
31-08-2025 14:12,193.3
31-08-2025 14:17,193.3
31-08-2025 14:22,193.3
31-08-2025 14:27,193.3
31-08-2025 14:32,193.3
31-08-2025 14:37,193.3
31-08-2025 14:42,193.3
31-08-2025 14:47,193.3
31-08-2025 14:52,193.3
31-08-2025 14:57,193.3
31-08-2025 15:02,193.3
31-08-2025 15:07,193.3
31-08-2025 15:13,193.3
31-08-2025 15:18,193.3
31-08-2025 15:23,193.3
31-08-2025 15:28,193.3
31-08-2025 15:33,193.3
31-08-2025 15:38,193.3
31-08-2025 15:43,193.3
31-08-2025 15:48,193.3
31-08-2025 15:53,193.3
31-08-2025 15:58,193.3
31-08-2025 16:03,193.3
31-08-2025 16:08,193.3
31-08-2025 16:13,193.3
31-08-2025 16:18,193.3
31-08-2025 16:23,193.3
31-08-2025 16:28,193.3
31-08-2025 16:33,193.3
31-08-2025 16:38,193.3
31-08-2025 16:43,193.3
31-08-2025 16:48,193.3
31-08-2025 16:53,193.3
31-08-2025 16:58,193.3
31-08-2025 17:03,193.3
31-08-2025 17:08,193.3
31-08-2025 17:13,193.3
31-08-2025 17:18,193.3
31-08-2025 17:23,193.3
31-08-2025 17:28,193.3
31-08-2025 17:33,193.3
31-08-2025 17:38,193.3
31-08-2025 17:43,193.3
31-08-2025 17:48,193.3
31-08-2025 17:53,193.3
31-08-2025 17:58,193.3
31-08-2025 18:03,193.3
31-08-2025 18:08,193.3
31-08-2025 18:13,193.3
31-08-2025 18:18,193.3
31-08-2025 18:23,193.3
31-08-2025 18:28,193.3
31-08-2025 18:33,193.3
31-08-2025 18:38,193.3
31-08-2025 18:43,193.3
31-08-2025 18:48,193.3
31-08-2025 18:53,193.3
31-08-2025 18:58,193.3
31-08-2025 19:03,193.3
31-08-2025 19:08,193.3
31-08-2025 19:13,193.3
31-08-2025 19:18,193.3
31-08-2025 19:23,193.3
31-08-2025 19:28,193.3
31-08-2025 19:33,193.3
31-08-2025 19:38,193.3
31-08-2025 19:43,193.3
31-08-2025 19:49,193.3
31-08-2025 19:54,193.3
31-08-2025 19:59,193.3
31-08-2025 20:04,193.3
31-08-2025 20:09,193.3
31-08-2025 20:14,193.3
31-08-2025 20:19,193.3
31-08-2025 20:24,193.3
31-08-2025 20:29,193.3
31-08-2025 20:34,193.3
31-08-2025 20:39,193.3
31-08-2025 20:44,193.3
31-08-2025 20:49,193.3
31-08-2025 20:54,193.3
31-08-2025 20:59,193.3
31-08-2025 21:04,193.3
31-08-2025 21:09,193.3
31-08-2025 21:14,193.3
31-08-2025 21:19,193.3
31-08-2025 21:24,193.3
31-08-2025 21:29,193.3
31-08-2025 21:34,193.3
31-08-2025 21:39,193.3
31-08-2025 21:44,193.3
31-08-2025 21:49,193.3
31-08-2025 21:54,193.3
31-08-2025 21:59,193.3
31-08-2025 22:04,193.3
31-08-2025 22:09,193.3
31-08-2025 22:14,193.3
31-08-2025 22:19,193.3
31-08-2025 22:24,193.3
31-08-2025 22:29,193.3
31-08-2025 22:34,193.3
31-08-2025 22:39,193.3
31-08-2025 22:44,193.3
31-08-2025 22:49,193.3
31-08-2025 22:54,193.3
31-08-2025 22:59,193.3
31-08-2025 23:04,193.3
31-08-2025 23:09,193.3
31-08-2025 23:14,193.3
31-08-2025 23:19,193.3
31-08-2025 23:24,193.3
31-08-2025 23:29,193.3
31-08-2025 23:34,193.3
31-08-2025 23:39,193.3
31-08-2025 23:44,193.3
31-08-2025 23:49,193.3
31-08-2025 23:54,193.3
31-08-2025 23:59,193.3
01-09-2025 00:04,193.3
01-09-2025 00:09,193.3
01-09-2025 00:14,193.3
01-09-2025 00:20,193.3
01-09-2025 00:25,193.3
01-09-2025 00:30,193.3
01-09-2025 00:35,193.3
01-09-2025 00:40,193.3
01-09-2025 00:45,193.3
01-09-2025 00:50,193.3
01-09-2025 00:55,193.3
01-09-2025 01:00,193.3
01-09-2025 01:05,193.3
01-09-2025 01:10,193.3
01-09-2025 01:15,193.3
01-09-2025 01:20,193.3
01-09-2025 01:25,193.3
01-09-2025 01:30,193.3
01-09-2025 01:35,193.3
01-09-2025 01:40,193.3
01-09-2025 01:45,193.3
01-09-2025 01:50,193.3
01-09-2025 01:55,193.3
01-09-2025 02:00,193.3
01-09-2025 02:05,193.3
01-09-2025 02:10,193.3
01-09-2025 02:15,193.3
01-09-2025 02:20,193.3
01-09-2025 02:25,193.3
01-09-2025 02:30,193.3
01-09-2025 02:35,193.3
01-09-2025 02:40,193.3
01-09-2025 02:45,193.3
01-09-2025 02:50,193.3
01-09-2025 02:55,193.3
01-09-2025 03:00,193.3
01-09-2025 03:05,193.3
01-09-2025 03:10,193.3
01-09-2025 03:15,193.3
01-09-2025 03:20,193.3
01-09-2025 03:25,193.3
01-09-2025 03:30,193.3
01-09-2025 03:35,193.3
01-09-2025 03:40,193.3
01-09-2025 03:45,193.3
01-09-2025 03:50,193.3
01-09-2025 03:55,193.3
01-09-2025 04:00,193.3
01-09-2025 04:05,193.3
01-09-2025 04:10,193.3
01-09-2025 04:15,193.3
01-09-2025 04:20,193.3
01-09-2025 04:25,193.3
01-09-2025 04:30,193.3
01-09-2025 04:35,193.3
01-09-2025 04:40,193.3
01-09-2025 04:45,193.3
01-09-2025 04:50,193.3
01-09-2025 04:56,193.3
01-09-2025 05:01,193.3
01-09-2025 05:06,193.3
01-09-2025 05:11,193.3
01-09-2025 05:16,193.3
01-09-2025 05:21,193.3
01-09-2025 05:26,193.3
01-09-2025 05:31,193.3
01-09-2025 05:36,193.3
01-09-2025 05:41,193.8
01-09-2025 05:46,193.3
01-09-2025 05:51,193.3
01-09-2025 05:56,193.3
01-09-2025 06:01,193.3
01-09-2025 06:06,193.3
01-09-2025 06:11,193.3
01-09-2025 06:16,193.3
01-09-2025 06:21,193.3
01-09-2025 06:26,193.3
01-09-2025 06:31,193.3
01-09-2025 06:36,193.3
01-09-2025 06:41,193.3
01-09-2025 06:46,193.3
01-09-2025 06:51,193.3
01-09-2025 06:56,193.3
01-09-2025 07:01,193.3
01-09-2025 07:06,193.3
01-09-2025 07:11,193.3
01-09-2025 07:16,193.3
01-09-2025 07:21,193.3
01-09-2025 07:26,193.3
01-09-2025 07:31,193.3
01-09-2025 07:36,193.3
01-09-2025 07:41,193.3
01-09-2025 07:46,193.3
01-09-2025 07:51,193.3
01-09-2025 07:56,193.3
01-09-2025 08:01,193.3
01-09-2025 08:06,193.3
01-09-2025 08:11,193.3
01-09-2025 08:16,193.3
01-09-2025 08:21,193.3
01-09-2025 08:26,193.3
01-09-2025 08:31,193.3
01-09-2025 08:36,193.3
01-09-2025 08:41,193.3
01-09-2025 08:46,193.3
01-09-2025 08:51,193.3
01-09-2025 08:56,193.3
01-09-2025 09:01,193.3
01-09-2025 09:06,193.3
01-09-2025 09:11,193.3
01-09-2025 09:16,193.3
01-09-2025 09:21,193.3
01-09-2025 09:27,193.3
01-09-2025 09:32,193.3
01-09-2025 09:37,193.3
01-09-2025 09:42,193.3
01-09-2025 09:47,193.3
01-09-2025 09:52,193.3
01-09-2025 09:57,193.3
01-09-2025 10:02,193.3
01-09-2025 10:07,193.3
01-09-2025 10:12,193.3
01-09-2025 10:17,193.3
01-09-2025 10:22,193.3
01-09-2025 10:27,193.3
01-09-2025 10:32,327.6
01-09-2025 10:37,328.1
01-09-2025 10:42,328.1
01-09-2025 10:47,328.1
01-09-2025 10:52,328.1
01-09-2025 10:57,328.1
01-09-2025 11:02,328.1
01-09-2025 11:07,359.4
01-09-2025 11:12,358.9
01-09-2025 11:17,358.9
01-09-2025 11:18,358.9
01-09-2025 11:23,34.9
01-09-2025 11:28,34.9
01-09-2025 11:33,34.9
01-09-2025 11:38,34.9
01-09-2025 11:43,34.9
01-09-2025 11:48,34.9
01-09-2025 11:53,34.9
01-09-2025 11:58,34.9
01-09-2025 12:03,34.9
01-09-2025 12:08,34.9
01-09-2025 12:13,34.9
01-09-2025 12:18,34.9
01-09-2025 12:23,34.9
01-09-2025 12:28,34.9
01-09-2025 12:33,34.9
01-09-2025 12:38,34.9
01-09-2025 12:43,34.9
01-09-2025 12:48,85.8
01-09-2025 12:53,83.3
01-09-2025 12:58,83.3
01-09-2025 13:03,79.2
01-09-2025 13:06,79.2
01-09-2025 13:11,79.2
01-09-2025 13:16,69.4
01-09-2025 13:21,69.4
01-09-2025 13:26,69.4
01-09-2025 13:31,69.4
01-09-2025 13:36,69.4
01-09-2025 13:41,68.9
01-09-2025 13:46,69.4
01-09-2025 13:51,68.9
01-09-2025 13:56,73.5
01-09-2025 14:01,73.5
01-09-2025 14:06,73.5
01-09-2025 14:11,77.1
01-09-2025 14:16,70.9
01-09-2025 14:21,70.9
01-09-2025 14:26,70.4
01-09-2025 14:31,70.9
01-09-2025 14:36,70.9
01-09-2025 14:41,70.9
01-09-2025 14:46,70.9
01-09-2025 14:51,70.9
01-09-2025 14:56,70.9
01-09-2025 14:58,70.9
01-09-2025 15:03,70.9
01-09-2025 15:06,70.9
01-09-2025 15:12,70.9
01-09-2025 15:12,70.9
01-09-2025 15:17,70.9
01-09-2025 15:22,70.9
01-09-2025 15:27,70.9
01-09-2025 15:29,70.9
01-09-2025 15:34,70.9
01-09-2025 15:39,70.9
01-09-2025 15:45,70.9
01-09-2025 15:48,70.9
01-09-2025 15:52,70.9
01-09-2025 15:57,70.9
01-09-2025 16:01,70.9
01-09-2025 16:06,70.9
01-09-2025 16:11,70.9
01-09-2025 16:16,70.9
01-09-2025 16:21,70.9
01-09-2025 16:26,70.9
01-09-2025 16:29,169.7
01-09-2025 16:34,169.7
01-09-2025 16:39,169.7
01-09-2025 16:44,169.7
01-09-2025 16:49,169.7
01-09-2025 16:54,169.7
01-09-2025 16:59,169.7
01-09-2025 17:04,169.2
01-09-2025 17:09,169.7
01-09-2025 17:14,169.7
01-09-2025 17:19,169.7
01-09-2025 17:24,169.2
01-09-2025 17:29,169.7
01-09-2025 17:34,169.2
01-09-2025 17:39,169.2
01-09-2025 17:44,169.7
01-09-2025 17:49,169.2
01-09-2025 17:54,169.2
01-09-2025 17:59,169.2
01-09-2025 18:05,169.7
01-09-2025 18:10,169.7
01-09-2025 18:15,169.7
01-09-2025 18:20,169.7
01-09-2025 18:25,169.7
01-09-2025 18:30,169.2
01-09-2025 18:35,169.2
01-09-2025 18:40,169.7
01-09-2025 18:45,169.2
01-09-2025 18:50,169.2
01-09-2025 18:55,169.2
01-09-2025 19:00,169.2
01-09-2025 19:05,169.7
01-09-2025 19:10,169.7
01-09-2025 19:15,169.2
01-09-2025 19:20,169.7
01-09-2025 19:25,169.7
01-09-2025 19:30,169.7
01-09-2025 19:35,169.2
01-09-2025 19:40,169.7
01-09-2025 19:45,169.7
01-09-2025 19:50,169.2
01-09-2025 19:55,169.7
01-09-2025 20:00,169.7
01-09-2025 20:05,169.7
01-09-2025 20:10,169.2
01-09-2025 20:15,169.7
01-09-2025 20:20,169.2
01-09-2025 20:25,169.2
01-09-2025 20:30,169.7
01-09-2025 20:35,169.7
01-09-2025 20:40,169.7
01-09-2025 20:45,169.7
01-09-2025 20:50,169.7
01-09-2025 20:55,169.7
01-09-2025 21:00,169.2
01-09-2025 21:05,169.2
01-09-2025 21:10,169.2
01-09-2025 21:15,169.2
01-09-2025 21:20,169.2
01-09-2025 21:25,169.7
01-09-2025 21:30,169.2
01-09-2025 21:35,169.2
01-09-2025 21:40,169.2
01-09-2025 21:45,169.2
01-09-2025 21:50,169.7
01-09-2025 21:55,169.7
01-09-2025 22:00,169.2
01-09-2025 22:05,169.2
01-09-2025 22:10,169.7
01-09-2025 22:15,169.7
01-09-2025 22:20,169.7
01-09-2025 22:25,169.2
01-09-2025 22:30,169.2
01-09-2025 22:36,169.7
01-09-2025 22:41,169.2
01-09-2025 22:46,169.7
01-09-2025 22:51,169.2
01-09-2025 22:56,169.7
01-09-2025 23:01,169.2
01-09-2025 23:06,169.7
01-09-2025 23:11,169.2
01-09-2025 23:16,169.7
01-09-2025 23:21,169.2
01-09-2025 23:26,169.2
01-09-2025 23:31,169.7
01-09-2025 23:36,169.7
01-09-2025 23:41,169.2
01-09-2025 23:46,169.2
01-09-2025 23:51,169.7
01-09-2025 23:56,169.7
02-09-2025 00:01,169.7
02-09-2025 00:06,169.7
02-09-2025 00:11,169.7
02-09-2025 00:16,169.7
02-09-2025 00:21,169.2
02-09-2025 00:26,169.7
02-09-2025 00:31,169.2
02-09-2025 00:36,169.2
02-09-2025 00:41,169.7
02-09-2025 00:46,169.7
02-09-2025 00:51,169.2
02-09-2025 00:56,169.7
02-09-2025 01:01,169.2
02-09-2025 01:06,169.2
02-09-2025 01:11,169.2
02-09-2025 01:16,169.7
02-09-2025 01:21,169.7
02-09-2025 01:26,169.2
02-09-2025 01:31,169.7
02-09-2025 01:36,169.7
02-09-2025 01:41,169.7
02-09-2025 01:46,169.7
02-09-2025 01:51,169.7
02-09-2025 01:56,169.7
02-09-2025 02:01,169.2
02-09-2025 02:06,169.7
02-09-2025 02:11,169.7
02-09-2025 02:16,169.7
02-09-2025 02:21,169.7
02-09-2025 02:26,169.7
02-09-2025 02:31,169.7
02-09-2025 02:36,169.7
02-09-2025 02:41,169.7
02-09-2025 02:46,169.7
02-09-2025 02:51,169.7
02-09-2025 02:56,169.2
02-09-2025 03:01,169.7
02-09-2025 03:06,169.2
02-09-2025 03:12,169.7
02-09-2025 03:17,169.2
02-09-2025 03:22,169.2
02-09-2025 03:27,169.7
02-09-2025 03:32,169.2
02-09-2025 03:37,169.2
02-09-2025 03:42,169.2
02-09-2025 03:47,169.2
02-09-2025 03:52,169.2
02-09-2025 03:57,169.2
02-09-2025 04:02,169.7
02-09-2025 04:07,169.2
02-09-2025 04:12,169.2
02-09-2025 04:17,169.2
02-09-2025 04:22,169.2
02-09-2025 04:27,169.2
02-09-2025 04:32,169.7
02-09-2025 04:37,169.7
02-09-2025 04:42,169.7
02-09-2025 04:47,169.7
02-09-2025 04:52,169.2
02-09-2025 04:57,169.7
02-09-2025 05:02,169.2
02-09-2025 05:07,169.7
02-09-2025 05:12,169.2
02-09-2025 05:17,169.7
02-09-2025 05:22,169.2
02-09-2025 05:27,169.2
02-09-2025 05:32,169.2
02-09-2025 05:37,169.2
02-09-2025 05:42,169.2
02-09-2025 05:47,169.2
02-09-2025 05:52,169.2
02-09-2025 05:57,169.2
02-09-2025 06:02,169.2
02-09-2025 06:07,169.2
02-09-2025 06:12,169.7
02-09-2025 06:17,169.2
02-09-2025 06:22,169.2
02-09-2025 06:27,169.2
02-09-2025 06:32,169.2
02-09-2025 06:37,169.7
02-09-2025 06:42,169.7
02-09-2025 06:47,169.7
02-09-2025 06:52,169.7
02-09-2025 06:57,169.2
02-09-2025 07:02,169.2
02-09-2025 07:07,169.7
02-09-2025 07:12,169.7
02-09-2025 07:17,169.2
02-09-2025 07:22,169.2
02-09-2025 07:27,169.7
02-09-2025 07:32,169.2
02-09-2025 07:37,169.7
02-09-2025 07:43,169.2
02-09-2025 07:48,169.2
02-09-2025 07:53,169.2
02-09-2025 07:58,169.2
02-09-2025 08:03,169.2
02-09-2025 08:08,169.2
02-09-2025 08:13,169.7
02-09-2025 08:18,169.2
02-09-2025 08:23,169.7
02-09-2025 08:28,169.2
02-09-2025 08:33,169.2
02-09-2025 08:38,169.7
02-09-2025 08:43,169.7
02-09-2025 08:48,169.7
02-09-2025 08:53,169.7
02-09-2025 08:58,169.2
02-09-2025 09:03,169.7
02-09-2025 09:08,169.7
02-09-2025 09:13,169.7
02-09-2025 09:18,169.7
02-09-2025 09:23,169.2
02-09-2025 09:28,169.7
02-09-2025 09:33,169.2
02-09-2025 09:38,169.2
02-09-2025 09:43,169.2
02-09-2025 09:48,169.7
02-09-2025 09:53,169.2
02-09-2025 09:58,169.7
02-09-2025 10:03,169.2
02-09-2025 10:08,169.7
02-09-2025 10:13,169.2
02-09-2025 10:18,169.2
02-09-2025 10:23,169.7
02-09-2025 10:28,169.7
02-09-2025 10:33,169.7
02-09-2025 10:38,169.7
02-09-2025 10:43,169.7
02-09-2025 10:48,169.2
02-09-2025 10:53,169.7
02-09-2025 10:58,169.7
02-09-2025 11:03,169.7
02-09-2025 11:08,169.2
02-09-2025 11:13,169.7
02-09-2025 11:18,169.2
02-09-2025 11:23,169.2
02-09-2025 11:28,169.2
02-09-2025 11:33,169.2
02-09-2025 11:38,169.7
02-09-2025 11:43,169.7
02-09-2025 11:48,169.2
02-09-2025 11:53,169.7
02-09-2025 11:58,169.2
02-09-2025 12:03,169.2
02-09-2025 12:08,169.7
02-09-2025 12:13,169.2
02-09-2025 12:19,169.2
02-09-2025 12:24,169.7
02-09-2025 12:29,169.2
02-09-2025 12:34,169.2
02-09-2025 12:39,169.7
02-09-2025 12:44,169.7
02-09-2025 12:49,169.7
02-09-2025 12:54,169.2
02-09-2025 12:59,169.7
02-09-2025 13:04,169.2
02-09-2025 13:09,169.2
02-09-2025 13:14,169.2
02-09-2025 13:19,169.2
02-09-2025 13:24,169.2
02-09-2025 13:29,169.2
02-09-2025 13:34,169.2
02-09-2025 13:39,169.2
02-09-2025 13:44,169.2
02-09-2025 13:49,169.2
02-09-2025 13:54,169.2
02-09-2025 13:59,169.2
02-09-2025 14:04,169.2
02-09-2025 14:09,169.2
02-09-2025 14:14,169.2
02-09-2025 14:19,169.2
02-09-2025 14:24,169.2
02-09-2025 14:29,169.2
02-09-2025 14:34,169.2
02-09-2025 14:39,169.2
02-09-2025 14:44,169.7
02-09-2025 14:49,169.2
02-09-2025 14:54,169.2
02-09-2025 14:59,169.7
02-09-2025 15:04,169.2
02-09-2025 15:09,169.2
02-09-2025 15:14,169.7
02-09-2025 15:19,169.7
02-09-2025 15:24,169.7
02-09-2025 15:29,169.2
02-09-2025 15:34,169.7
02-09-2025 15:39,169.2
02-09-2025 15:44,169.2
02-09-2025 15:49,169.7
02-09-2025 15:54,169.2
02-09-2025 15:59,169.7
02-09-2025 16:04,169.2
02-09-2025 16:09,169.2
02-09-2025 16:14,169.7
02-09-2025 16:19,169.2
02-09-2025 16:24,169.2
02-09-2025 16:29,169.2
02-09-2025 16:34,169.7
02-09-2025 16:39,169.2
02-09-2025 16:44,169.2
02-09-2025 16:50,169.7
02-09-2025 16:55,169.2
02-09-2025 17:00,169.7
02-09-2025 17:05,169.7
02-09-2025 17:10,169.2
02-09-2025 17:15,169.2
02-09-2025 17:20,169.7
02-09-2025 17:25,169.7
02-09-2025 17:30,169.2
02-09-2025 17:35,169.2
02-09-2025 17:40,169.2
02-09-2025 17:45,169.7
02-09-2025 17:50,169.2
02-09-2025 17:55,169.7
02-09-2025 18:00,169.2
02-09-2025 18:05,169.7
02-09-2025 18:10,169.2
02-09-2025 18:15,169.2
02-09-2025 18:20,169.2
02-09-2025 18:25,169.2
02-09-2025 18:30,169.7
02-09-2025 18:35,169.2
02-09-2025 18:40,169.7
02-09-2025 18:45,169.2
02-09-2025 18:50,169.2
02-09-2025 18:55,169.2
02-09-2025 19:00,169.2
02-09-2025 19:05,169.7
02-09-2025 19:10,169.7
02-09-2025 19:15,169.7
02-09-2025 19:20,169.2
02-09-2025 19:25,169.7
02-09-2025 19:30,169.7
02-09-2025 19:35,169.2
02-09-2025 19:40,169.7
02-09-2025 19:45,169.7
02-09-2025 19:50,169.7
02-09-2025 19:55,169.7
02-09-2025 20:00,169.2
02-09-2025 20:05,169.7
02-09-2025 20:10,169.7
02-09-2025 20:15,169.2
02-09-2025 20:20,169.7
02-09-2025 20:25,169.7
02-09-2025 20:30,169.2
02-09-2025 20:35,169.2
02-09-2025 20:40,169.7
02-09-2025 20:45,169.7
02-09-2025 20:50,169.2
02-09-2025 20:55,169.7
02-09-2025 21:00,169.2
02-09-2025 21:05,169.7
02-09-2025 21:10,169.7
02-09-2025 21:15,169.7
02-09-2025 21:21,169.2
02-09-2025 21:26,169.2
02-09-2025 21:31,169.7
02-09-2025 21:36,169.7
02-09-2025 21:41,169.7
02-09-2025 21:46,169.7
02-09-2025 21:51,169.7
02-09-2025 21:56,169.2
02-09-2025 22:01,169.7
02-09-2025 22:06,169.7
02-09-2025 22:11,169.7
02-09-2025 22:16,169.2
02-09-2025 22:21,169.2
02-09-2025 22:26,169.2
02-09-2025 22:31,169.2
02-09-2025 22:36,169.7
02-09-2025 22:41,169.2
02-09-2025 22:46,169.7
02-09-2025 22:51,169.7
02-09-2025 22:56,169.7
02-09-2025 23:01,169.2
02-09-2025 23:06,169.7
02-09-2025 23:11,169.2
02-09-2025 23:16,169.2
02-09-2025 23:21,169.7
02-09-2025 23:26,169.2
02-09-2025 23:31,169.2
02-09-2025 23:36,169.7
02-09-2025 23:41,169.7
02-09-2025 23:46,169.7
02-09-2025 23:51,169.2
02-09-2025 23:56,169.2
03-09-2025 00:01,169.7
03-09-2025 00:06,169.7
03-09-2025 00:11,169.7
03-09-2025 00:16,169.7
03-09-2025 00:21,169.2
03-09-2025 00:26,169.7
03-09-2025 00:31,169.7
03-09-2025 00:36,169.2
03-09-2025 00:41,169.7
03-09-2025 00:46,169.2
03-09-2025 00:51,169.2
03-09-2025 00:56,169.2
03-09-2025 01:01,169.7
03-09-2025 01:06,169.7
03-09-2025 01:11,169.7
03-09-2025 01:16,169.2
03-09-2025 01:21,169.7
03-09-2025 01:26,169.7
03-09-2025 01:31,169.7
03-09-2025 01:36,169.7
03-09-2025 01:41,169.2
03-09-2025 01:46,169.7
03-09-2025 01:51,169.7
03-09-2025 01:57,169.7
03-09-2025 02:02,169.2
03-09-2025 02:07,169.7
03-09-2025 02:12,169.7
03-09-2025 02:17,169.7
03-09-2025 02:22,169.7
03-09-2025 02:27,169.2
03-09-2025 02:32,169.2
03-09-2025 02:37,169.2
03-09-2025 02:42,169.7
03-09-2025 02:47,169.7
03-09-2025 02:52,169.2
03-09-2025 02:57,169.7
03-09-2025 03:02,169.7
03-09-2025 03:07,169.2
03-09-2025 03:12,169.7
03-09-2025 03:17,169.7
03-09-2025 03:22,169.7
03-09-2025 03:27,169.2
03-09-2025 03:32,169.7
03-09-2025 03:37,169.7
03-09-2025 03:42,169.7
03-09-2025 03:47,169.7
03-09-2025 03:52,169.7
03-09-2025 03:57,169.2
03-09-2025 04:02,169.7
03-09-2025 04:07,169.7
03-09-2025 04:12,169.7
03-09-2025 04:17,169.7
03-09-2025 04:22,169.2
03-09-2025 04:27,169.2
03-09-2025 04:32,169.7
03-09-2025 04:37,169.7
03-09-2025 04:42,169.7
03-09-2025 04:47,169.2
03-09-2025 04:52,169.7
03-09-2025 04:57,169.2
03-09-2025 05:02,169.2
03-09-2025 05:07,169.7
03-09-2025 05:12,169.7
03-09-2025 05:17,169.2
03-09-2025 05:22,169.2
03-09-2025 05:27,169.7
03-09-2025 05:32,169.7
03-09-2025 05:37,169.2
03-09-2025 05:42,169.7
03-09-2025 05:47,169.2
03-09-2025 05:52,169.7
03-09-2025 05:57,169.7
03-09-2025 06:02,169.7
03-09-2025 06:07,169.7
03-09-2025 06:12,169.7
03-09-2025 06:17,169.7
03-09-2025 06:22,169.7
03-09-2025 06:28,169.7
03-09-2025 06:33,169.7
03-09-2025 06:38,169.7
03-09-2025 06:43,169.7
03-09-2025 06:48,169.7
03-09-2025 06:53,169.7
03-09-2025 06:58,169.7
03-09-2025 07:03,169.7
03-09-2025 07:08,169.7
03-09-2025 07:13,169.7
03-09-2025 07:18,169.7
03-09-2025 07:23,169.7
03-09-2025 07:28,169.7
03-09-2025 07:33,169.7
03-09-2025 07:38,169.7
03-09-2025 07:43,169.7
03-09-2025 07:48,169.7
03-09-2025 07:53,169.7
03-09-2025 07:58,169.7
03-09-2025 08:03,169.7
03-09-2025 08:08,169.7
03-09-2025 08:13,169.7
03-09-2025 08:18,169.7
03-09-2025 08:23,169.7
03-09-2025 08:28,169.7
03-09-2025 08:33,169.7
03-09-2025 08:38,169.7
03-09-2025 08:43,169.7
03-09-2025 08:48,169.7
03-09-2025 08:53,169.7
03-09-2025 08:58,169.7
03-09-2025 09:03,169.2
03-09-2025 09:08,169.7
03-09-2025 09:13,169.7
03-09-2025 09:18,169.2
03-09-2025 09:23,169.2
03-09-2025 09:28,169.2
03-09-2025 09:33,169.2
03-09-2025 09:38,169.2
03-09-2025 09:43,169.2
03-09-2025 09:48,169.2
03-09-2025 09:53,169.2
03-09-2025 09:58,169.2
03-09-2025 10:03,169.2
03-09-2025 10:08,169.2
03-09-2025 10:13,169.2
03-09-2025 10:18,169.2
03-09-2025 10:23,169.2
03-09-2025 10:28,169.2
03-09-2025 10:33,169.2
03-09-2025 10:38,169.2
03-09-2025 10:43,169.2
03-09-2025 10:48,169.2
03-09-2025 10:53,169.2
03-09-2025 10:58,169.2
03-09-2025 11:04,169.2
03-09-2025 11:09,169.2
03-09-2025 11:14,169.2
03-09-2025 11:19,169.2
03-09-2025 11:24,169.2
03-09-2025 11:29,169.2
03-09-2025 11:34,169.2
03-09-2025 11:39,169.2
03-09-2025 11:44,169.2
03-09-2025 11:49,169.2
03-09-2025 11:54,169.2
03-09-2025 11:59,169.2
03-09-2025 12:04,169.2
03-09-2025 12:09,169.2
03-09-2025 12:14,169.2
03-09-2025 12:19,169.2
03-09-2025 12:24,169.2
03-09-2025 12:29,169.2
03-09-2025 12:34,169.2
03-09-2025 12:39,169.2
03-09-2025 12:44,169.2
03-09-2025 12:49,169.2
03-09-2025 12:54,169.2
03-09-2025 12:59,169.2
03-09-2025 13:04,169.2
03-09-2025 13:09,169.2
03-09-2025 13:14,169.2
03-09-2025 13:19,169.2
03-09-2025 13:24,169.2
03-09-2025 13:29,169.2
03-09-2025 13:34,169.2
03-09-2025 13:39,169.2
03-09-2025 13:44,169.2
03-09-2025 13:49,169.2
03-09-2025 13:54,169.2
03-09-2025 13:59,169.2
03-09-2025 14:04,169.2
03-09-2025 14:09,169.2
03-09-2025 14:14,169.2
03-09-2025 14:19,169.2
03-09-2025 14:24,169.2
03-09-2025 14:29,169.2
03-09-2025 14:34,169.2
03-09-2025 14:39,169.2
03-09-2025 14:44,169.2
03-09-2025 14:49,169.2
03-09-2025 14:54,169.2
03-09-2025 14:59,169.2
03-09-2025 15:04,169.2
03-09-2025 15:09,169.2
03-09-2025 15:14,169.2
03-09-2025 15:19,169.2
03-09-2025 15:24,169.2
03-09-2025 15:29,169.2
03-09-2025 15:35,169.2
03-09-2025 15:40,169.2
03-09-2025 15:45,169.2
03-09-2025 15:50,169.2
03-09-2025 15:55,169.2
03-09-2025 16:00,169.2
03-09-2025 16:05,169.2
03-09-2025 16:10,169.2
03-09-2025 16:15,169.2
03-09-2025 16:20,169.2
03-09-2025 16:25,169.2
03-09-2025 16:30,169.2
03-09-2025 16:35,169.2
03-09-2025 16:40,169.2
03-09-2025 16:45,169.2
03-09-2025 16:50,169.2
03-09-2025 16:55,169.2
03-09-2025 17:00,169.2
03-09-2025 17:05,169.2
03-09-2025 17:10,169.2
03-09-2025 17:15,169.2
03-09-2025 17:20,169.2
03-09-2025 17:25,169.2
03-09-2025 17:30,169.2
03-09-2025 17:35,169.2
03-09-2025 17:40,169.2
03-09-2025 17:45,169.2
03-09-2025 17:50,169.2
03-09-2025 17:55,169.2
03-09-2025 18:00,169.2
03-09-2025 18:05,169.2
03-09-2025 18:10,169.2
03-09-2025 18:15,169.2
03-09-2025 18:20,169.2
03-09-2025 18:25,169.2
03-09-2025 18:30,169.2
03-09-2025 18:35,169.2
03-09-2025 18:40,169.2
03-09-2025 18:45,169.2
03-09-2025 18:50,169.2
03-09-2025 18:55,169.2
03-09-2025 19:00,169.2
03-09-2025 19:05,169.2
03-09-2025 19:10,169.2
03-09-2025 19:15,169.2
03-09-2025 19:20,169.2
03-09-2025 19:25,169.2
03-09-2025 19:30,169.2
03-09-2025 19:35,169.2
03-09-2025 19:40,169.2
03-09-2025 19:45,169.2
03-09-2025 19:50,169.2
03-09-2025 19:55,169.2
03-09-2025 20:00,169.2
03-09-2025 20:05,169.2
03-09-2025 20:11,169.2
03-09-2025 20:16,169.2
03-09-2025 20:21,169.2
03-09-2025 20:26,169.2
03-09-2025 20:31,169.2
03-09-2025 20:36,169.2
03-09-2025 20:41,169.2
03-09-2025 20:46,169.2
03-09-2025 20:51,169.2
03-09-2025 20:56,169.2
03-09-2025 21:01,169.2
03-09-2025 21:06,169.2
03-09-2025 21:11,169.2
03-09-2025 21:16,169.2
03-09-2025 21:21,169.2
03-09-2025 21:26,169.2
03-09-2025 21:31,169.2
03-09-2025 21:36,169.2
03-09-2025 21:41,169.2
03-09-2025 21:46,169.2
03-09-2025 21:51,169.2
03-09-2025 21:56,169.2
03-09-2025 22:01,169.2
03-09-2025 22:06,169.2
03-09-2025 22:11,169.2
03-09-2025 22:16,169.2
03-09-2025 22:21,169.2
03-09-2025 22:26,169.2
03-09-2025 22:31,169.2
03-09-2025 22:36,169.2
03-09-2025 22:41,169.2
03-09-2025 22:46,169.2
03-09-2025 22:51,169.2
03-09-2025 22:56,169.2
03-09-2025 23:01,169.2
03-09-2025 23:06,169.2
03-09-2025 23:11,169.2
03-09-2025 23:16,169.2
03-09-2025 23:21,169.2
03-09-2025 23:26,169.2
03-09-2025 23:31,169.2
03-09-2025 23:36,169.2
03-09-2025 23:41,169.2
03-09-2025 23:46,169.2
03-09-2025 23:51,169.2
03-09-2025 23:56,169.2
04-09-2025 00:01,169.2
04-09-2025 00:06,169.2
04-09-2025 00:11,169.2
04-09-2025 00:16,169.2
04-09-2025 00:21,169.2
04-09-2025 00:26,169.2
04-09-2025 00:31,169.2
04-09-2025 00:36,169.2
04-09-2025 00:42,169.2
04-09-2025 00:47,169.2
04-09-2025 00:52,169.2
04-09-2025 00:57,169.2
04-09-2025 01:02,169.2
04-09-2025 01:07,169.2
04-09-2025 01:12,169.2
04-09-2025 01:17,169.2
04-09-2025 01:22,169.2
04-09-2025 01:27,169.2
04-09-2025 01:32,169.2
04-09-2025 01:37,169.2
04-09-2025 01:42,169.2
04-09-2025 01:47,169.2
04-09-2025 01:52,169.2
04-09-2025 01:57,169.2
04-09-2025 02:02,169.2
04-09-2025 02:07,169.2
04-09-2025 02:12,169.2
04-09-2025 02:17,169.2
04-09-2025 02:22,169.2
04-09-2025 02:27,169.2
04-09-2025 02:32,169.2
04-09-2025 02:37,169.2
04-09-2025 02:42,169.2
04-09-2025 02:47,169.2
04-09-2025 02:52,169.2
04-09-2025 02:57,169.2
04-09-2025 03:02,169.2
04-09-2025 03:07,169.2
04-09-2025 03:12,169.2
04-09-2025 03:17,169.2
04-09-2025 03:22,169.2
04-09-2025 03:27,169.2
04-09-2025 03:32,169.2
04-09-2025 03:37,169.2
04-09-2025 03:42,169.2
04-09-2025 03:47,169.2
04-09-2025 03:52,169.2
04-09-2025 03:57,169.2
04-09-2025 04:02,169.2
04-09-2025 04:07,169.2
04-09-2025 04:12,169.2
04-09-2025 04:17,169.2
04-09-2025 04:22,169.2
04-09-2025 04:27,169.2
04-09-2025 04:32,169.2
04-09-2025 04:37,169.2
04-09-2025 04:42,169.2
04-09-2025 04:47,169.2
04-09-2025 04:52,169.2
04-09-2025 04:57,169.2
04-09-2025 05:02,169.2
04-09-2025 05:07,169.2
04-09-2025 05:13,169.2
04-09-2025 05:18,169.2
04-09-2025 05:23,169.2
04-09-2025 05:28,169.2
04-09-2025 05:33,169.2
04-09-2025 05:38,169.2
04-09-2025 05:43,169.2
04-09-2025 05:48,169.2
04-09-2025 05:53,169.2
04-09-2025 05:58,169.2
04-09-2025 06:03,169.2
04-09-2025 06:08,169.2
04-09-2025 06:13,169.2
04-09-2025 06:18,169.2
04-09-2025 06:23,169.2
04-09-2025 06:28,169.2
04-09-2025 06:33,169.2
04-09-2025 06:38,169.2
04-09-2025 06:43,169.2
04-09-2025 06:48,169.2
04-09-2025 06:53,169.2
04-09-2025 06:58,169.2
04-09-2025 07:03,169.2
04-09-2025 07:08,169.2
04-09-2025 07:13,169.2
04-09-2025 07:18,169.2
04-09-2025 07:23,169.2
04-09-2025 07:28,169.2
04-09-2025 07:33,169.2
04-09-2025 07:38,169.2
04-09-2025 07:43,169.2
04-09-2025 07:48,169.2
04-09-2025 07:53,169.2
04-09-2025 07:58,169.2
04-09-2025 08:03,169.2
04-09-2025 08:08,169.2
04-09-2025 08:13,169.2
04-09-2025 08:18,169.2
04-09-2025 08:23,169.2
04-09-2025 08:28,169.2
04-09-2025 08:33,169.2
04-09-2025 08:38,169.7
04-09-2025 08:43,169.2
04-09-2025 08:48,169.2
04-09-2025 08:53,169.7
04-09-2025 08:58,169.2
04-09-2025 09:03,169.2
04-09-2025 09:08,169.7
04-09-2025 09:13,169.2
04-09-2025 09:18,169.2
04-09-2025 09:23,169.2
04-09-2025 09:28,169.2
04-09-2025 09:33,169.2
04-09-2025 09:38,169.2
04-09-2025 09:43,169.7
04-09-2025 09:49,169.2
04-09-2025 09:54,169.2
04-09-2025 09:59,169.7
04-09-2025 10:04,169.7
04-09-2025 10:09,169.2
04-09-2025 10:14,169.7
04-09-2025 10:19,169.7
04-09-2025 10:24,169.7
04-09-2025 10:29,169.7
04-09-2025 10:34,169.7
04-09-2025 10:39,169.7
04-09-2025 10:44,169.2
04-09-2025 10:49,169.7
04-09-2025 10:54,169.2
04-09-2025 10:59,169.7
04-09-2025 11:04,169.2
04-09-2025 11:09,169.2
04-09-2025 11:14,169.7
04-09-2025 11:19,169.7
04-09-2025 11:24,169.2
04-09-2025 11:29,169.2
04-09-2025 11:34,169.7
04-09-2025 11:39,169.2
04-09-2025 11:44,169.2
04-09-2025 11:49,169.2
04-09-2025 11:54,169.7
04-09-2025 11:59,169.7
04-09-2025 12:04,169.7
04-09-2025 12:09,169.2
04-09-2025 12:14,169.7
04-09-2025 12:19,169.7
04-09-2025 12:24,169.2
04-09-2025 12:29,169.2
04-09-2025 12:34,169.7
04-09-2025 12:39,169.7
04-09-2025 12:44,169.2
04-09-2025 12:49,169.2
04-09-2025 12:54,169.2
04-09-2025 12:59,169.2
04-09-2025 13:04,169.2
04-09-2025 13:09,169.7
04-09-2025 13:14,169.7
04-09-2025 13:19,169.2
04-09-2025 13:24,169.7
04-09-2025 13:29,169.7
04-09-2025 13:34,169.2
04-09-2025 13:39,169.7
04-09-2025 13:44,169.2
04-09-2025 13:49,169.7
04-09-2025 13:54,169.7
04-09-2025 13:59,169.7
04-09-2025 14:04,169.2
04-09-2025 14:09,169.7
04-09-2025 14:14,169.7
04-09-2025 14:20,169.2
04-09-2025 14:25,169.2
04-09-2025 14:30,169.7
04-09-2025 14:35,169.2
04-09-2025 14:40,169.7
04-09-2025 14:45,169.7
04-09-2025 14:50,169.2
04-09-2025 14:55,169.2
04-09-2025 15:00,169.7
04-09-2025 15:05,169.2
04-09-2025 15:10,169.2
04-09-2025 15:15,169.7
04-09-2025 15:20,169.2
04-09-2025 15:25,169.2
04-09-2025 15:30,169.7
04-09-2025 15:35,169.7
04-09-2025 15:40,169.7
04-09-2025 15:45,169.2
04-09-2025 15:50,169.7
04-09-2025 15:52,106.9
04-09-2025 15:57,44.7
04-09-2025 16:02,44.7
04-09-2025 16:05,44.7
04-09-2025 16:08,44.7
04-09-2025 16:14,44.7
04-09-2025 16:19,44.2
04-09-2025 16:24,44.7
04-09-2025 16:24,35.4
04-09-2025 16:29,38.0
04-09-2025 16:34,38.0
04-09-2025 16:39,38.0
04-09-2025 16:44,38.0
04-09-2025 16:50,38.0
04-09-2025 16:52,38.0
04-09-2025 16:57,38.0
04-09-2025 17:02,38.0
04-09-2025 17:07,38.0
04-09-2025 17:12,38.0
04-09-2025 17:15,38.0
04-09-2025 17:20,38.0
04-09-2025 17:25,38.0
04-09-2025 17:30,38.0
04-09-2025 17:32,38.0
04-09-2025 17:37,38.0
04-09-2025 17:42,38.0
04-09-2025 17:44,38.0
04-09-2025 17:49,38.0
04-09-2025 17:53,38.0
04-09-2025 17:58,38.0
04-09-2025 18:03,38.0
04-09-2025 18:08,38.0
04-09-2025 18:13,37.5
04-09-2025 18:18,37.5
04-09-2025 18:23,54.5
04-09-2025 18:28,54.5
04-09-2025 18:33,54.5
04-09-2025 18:38,54.5
04-09-2025 18:43,54.5
04-09-2025 18:48,54.5
04-09-2025 18:53,54.5
04-09-2025 18:58,54.5
04-09-2025 19:03,54.5
04-09-2025 19:08,54.5
04-09-2025 19:13,54.5
04-09-2025 19:18,54.5
04-09-2025 19:23,54.5
04-09-2025 19:28,54.5
04-09-2025 19:33,54.5
04-09-2025 19:38,54.5
04-09-2025 19:43,54.5
04-09-2025 19:48,54.5
04-09-2025 19:53,54.5
04-09-2025 19:58,54.5
04-09-2025 20:03,54.5
04-09-2025 20:08,54.5
04-09-2025 20:13,54.5
04-09-2025 20:18,54.5
04-09-2025 20:23,54.5
04-09-2025 20:28,54.5
04-09-2025 20:33,54.5
04-09-2025 20:38,54.5
04-09-2025 20:44,54.5
04-09-2025 20:49,54.5
04-09-2025 20:54,54.5
04-09-2025 20:59,54.5
04-09-2025 21:04,54.5
04-09-2025 21:09,54.5
04-09-2025 21:14,54.5
04-09-2025 21:19,54.5
04-09-2025 21:24,54.5
04-09-2025 21:29,54.5
04-09-2025 21:34,54.5
04-09-2025 21:39,54.5
04-09-2025 21:44,54.5
04-09-2025 21:49,54.5
04-09-2025 21:54,54.5
04-09-2025 21:59,54.5
04-09-2025 22:04,54.5
04-09-2025 22:09,54.5
04-09-2025 22:14,54.5
04-09-2025 22:19,54.5
04-09-2025 22:24,54.5
04-09-2025 22:29,54.5
04-09-2025 22:34,54.5
04-09-2025 22:39,54.5
04-09-2025 22:44,54.5
04-09-2025 22:49,54.5
04-09-2025 22:54,54.5
04-09-2025 22:59,54.5
04-09-2025 23:04,54.5
04-09-2025 23:09,54.5
04-09-2025 23:14,54.5
04-09-2025 23:19,54.5
04-09-2025 23:24,54.5
04-09-2025 23:29,54.5
04-09-2025 23:34,54.5
04-09-2025 23:39,54.5
04-09-2025 23:44,54.5
04-09-2025 23:49,54.5
04-09-2025 23:54,54.5
04-09-2025 23:59,54.5
05-09-2025 00:04,54.5
05-09-2025 00:09,54.5
05-09-2025 00:14,54.5
05-09-2025 00:19,54.5
05-09-2025 00:24,54.5
05-09-2025 00:29,54.5
05-09-2025 00:34,54.5
05-09-2025 00:39,54.5
05-09-2025 00:44,54.5
05-09-2025 00:49,54.5
05-09-2025 00:54,54.5
05-09-2025 00:59,54.5
05-09-2025 01:04,54.5
05-09-2025 01:09,54.5
05-09-2025 01:14,54.5
05-09-2025 01:20,54.5
05-09-2025 01:25,54.5
05-09-2025 01:30,54.5
05-09-2025 01:35,54.5
05-09-2025 01:40,54.5
05-09-2025 01:45,54.5
05-09-2025 01:50,54.5
05-09-2025 01:55,54.5
05-09-2025 02:00,54.5
05-09-2025 02:05,54.5
05-09-2025 02:10,54.5
05-09-2025 02:15,54.5
05-09-2025 02:20,54.5
05-09-2025 02:25,54.5
05-09-2025 02:30,54.5
05-09-2025 02:35,54.5
05-09-2025 02:40,54.5
05-09-2025 02:45,54.5
05-09-2025 02:50,54.5
05-09-2025 02:55,54.5
05-09-2025 03:00,54.5
05-09-2025 03:05,54.5
05-09-2025 03:10,54.5
05-09-2025 03:15,54.5
05-09-2025 03:20,54.5
05-09-2025 03:25,54.5
05-09-2025 03:30,54.5
05-09-2025 03:35,54.5
05-09-2025 03:40,54.5
05-09-2025 03:45,54.5
05-09-2025 03:50,54.5
05-09-2025 03:55,54.5
05-09-2025 04:00,54.5
05-09-2025 04:05,54.5
05-09-2025 04:10,54.5
05-09-2025 04:15,54.5
05-09-2025 04:20,54.5
05-09-2025 04:25,54.5
05-09-2025 04:30,54.5
05-09-2025 04:35,54.5
05-09-2025 04:40,54.5
05-09-2025 04:45,54.5
05-09-2025 04:50,54.5
05-09-2025 04:55,54.5
05-09-2025 05:00,54.5
05-09-2025 05:05,54.5
05-09-2025 05:10,54.5
05-09-2025 05:15,54.5
05-09-2025 05:20,54.5
05-09-2025 05:25,54.5
05-09-2025 05:30,54.5
05-09-2025 05:35,54.5
05-09-2025 05:40,54.5
05-09-2025 05:45,54.5
05-09-2025 05:51,54.5
05-09-2025 05:56,54.5
05-09-2025 06:01,54.5
05-09-2025 06:06,54.5
05-09-2025 06:11,54.5
05-09-2025 06:16,54.5
05-09-2025 06:21,54.5
05-09-2025 06:26,54.5
05-09-2025 06:31,54.5
05-09-2025 06:36,54.5
05-09-2025 06:41,54.5
05-09-2025 06:46,54.5
05-09-2025 06:51,54.5
05-09-2025 06:56,54.5
05-09-2025 07:01,54.5
05-09-2025 07:06,54.5
05-09-2025 07:11,54.5
05-09-2025 07:16,54.5
05-09-2025 07:21,54.5
05-09-2025 07:26,54.5
05-09-2025 07:31,54.5
05-09-2025 07:36,54.5
05-09-2025 07:41,54.5
05-09-2025 07:46,54.5
05-09-2025 07:51,54.5
05-09-2025 07:56,54.5
05-09-2025 08:01,54.5
05-09-2025 08:06,54.5
05-09-2025 08:11,54.5
05-09-2025 08:16,54.5
05-09-2025 08:21,55.0
05-09-2025 08:26,55.0
05-09-2025 08:31,55.0
05-09-2025 08:36,55.0
05-09-2025 08:41,55.0
05-09-2025 08:46,55.0
05-09-2025 08:51,55.0
05-09-2025 08:56,55.0
05-09-2025 09:01,54.5
05-09-2025 09:06,55.0
05-09-2025 09:11,54.5
05-09-2025 09:16,55.0
05-09-2025 09:21,55.0
05-09-2025 09:26,55.0
05-09-2025 09:31,54.5
05-09-2025 09:36,55.0
05-09-2025 09:41,55.0
05-09-2025 09:46,55.0
05-09-2025 09:51,55.0
05-09-2025 09:56,55.0
05-09-2025 10:01,55.0
05-09-2025 10:06,55.0
05-09-2025 10:11,54.5
05-09-2025 10:16,54.5
05-09-2025 10:22,55.0
05-09-2025 10:27,55.0
05-09-2025 10:32,55.0
05-09-2025 10:37,55.0
05-09-2025 10:42,55.0
05-09-2025 10:47,55.0
05-09-2025 10:52,54.5
05-09-2025 10:57,55.0
05-09-2025 11:02,55.0
05-09-2025 11:07,55.0
05-09-2025 11:12,55.0
05-09-2025 11:17,55.0
05-09-2025 11:22,55.0
05-09-2025 11:27,55.0
05-09-2025 11:32,55.0
05-09-2025 11:37,55.0
05-09-2025 11:42,54.5
05-09-2025 11:47,55.0
05-09-2025 11:52,55.0
05-09-2025 11:57,55.0
05-09-2025 12:02,55.0
05-09-2025 12:07,55.0
05-09-2025 12:12,55.0
05-09-2025 12:17,54.5
05-09-2025 12:22,55.0
05-09-2025 12:27,55.0
05-09-2025 12:32,55.0
05-09-2025 12:37,55.0
05-09-2025 12:42,55.0
05-09-2025 12:47,55.0
05-09-2025 12:52,55.0
05-09-2025 12:57,55.0
05-09-2025 13:02,54.5
05-09-2025 13:07,55.0
05-09-2025 13:12,55.0
05-09-2025 13:17,54.5
05-09-2025 13:22,55.0
05-09-2025 13:27,54.5
05-09-2025 13:32,55.0
05-09-2025 13:37,55.0
05-09-2025 13:42,55.0
05-09-2025 13:47,55.0
05-09-2025 13:52,54.5
05-09-2025 13:57,55.0
05-09-2025 14:02,55.0
05-09-2025 14:07,55.0
05-09-2025 14:12,55.0
05-09-2025 14:17,55.0
05-09-2025 14:22,55.0
05-09-2025 14:27,55.0
05-09-2025 14:32,55.0
05-09-2025 14:37,55.0
05-09-2025 14:42,55.0
05-09-2025 14:47,55.0
05-09-2025 14:52,54.0
05-09-2025 14:58,54.0
05-09-2025 15:03,54.0
05-09-2025 15:08,54.0
05-09-2025 15:13,54.0
05-09-2025 15:18,54.0
05-09-2025 15:23,54.0
05-09-2025 15:28,54.0
05-09-2025 15:33,54.0
05-09-2025 15:38,54.0
05-09-2025 15:43,54.0
05-09-2025 15:48,54.0
05-09-2025 15:53,54.0
05-09-2025 15:58,54.0
05-09-2025 16:03,54.0
05-09-2025 16:08,54.0
05-09-2025 16:13,54.0
05-09-2025 16:18,54.0
05-09-2025 16:23,54.0
05-09-2025 16:28,54.0
05-09-2025 16:33,54.0
05-09-2025 16:38,54.0
05-09-2025 16:43,54.0
05-09-2025 16:48,54.0
05-09-2025 16:53,54.0
05-09-2025 16:58,54.0
05-09-2025 17:03,54.0
05-09-2025 17:08,54.0
05-09-2025 17:13,54.0
05-09-2025 17:18,54.0
05-09-2025 17:23,54.0
05-09-2025 17:28,54.0
05-09-2025 17:33,54.0
05-09-2025 17:38,54.0
05-09-2025 17:43,54.0
05-09-2025 17:48,54.0
05-09-2025 17:53,54.0
05-09-2025 17:58,54.0
05-09-2025 18:03,54.0
05-09-2025 18:08,54.0
05-09-2025 18:13,54.0
05-09-2025 18:18,54.0
05-09-2025 18:23,54.0
05-09-2025 18:28,54.0
05-09-2025 18:33,54.0
05-09-2025 18:38,52.9
05-09-2025 18:43,53.4
05-09-2025 18:48,2.0
05-09-2025 18:53,2.0
05-09-2025 18:58,360.0
05-09-2025 19:03,360.0
05-09-2025 19:08,360.0
05-09-2025 19:13,360.0
05-09-2025 19:18,360.0
05-09-2025 19:23,360.0
05-09-2025 19:29,360.0
05-09-2025 19:34,360.0
05-09-2025 19:39,360.0
05-09-2025 19:44,360.0
05-09-2025 19:49,360.0
05-09-2025 19:54,360.0
05-09-2025 19:59,360.0
05-09-2025 20:04,360.0
05-09-2025 20:09,360.0
05-09-2025 20:14,360.0
05-09-2025 20:19,360.0
05-09-2025 20:24,360.0
05-09-2025 20:29,360.0
05-09-2025 20:34,360.0
05-09-2025 20:39,360.0
05-09-2025 20:44,360.0
05-09-2025 20:49,360.0
05-09-2025 20:54,360.0
05-09-2025 20:59,360.0
05-09-2025 21:04,360.0
05-09-2025 21:09,360.0
05-09-2025 21:14,360.0
05-09-2025 21:19,360.0
05-09-2025 21:24,360.0
05-09-2025 21:29,360.0
05-09-2025 21:34,360.0
05-09-2025 21:39,360.0
05-09-2025 21:44,360.0
05-09-2025 21:49,360.0
05-09-2025 21:54,360.0
05-09-2025 21:59,360.0
05-09-2025 22:04,360.0
05-09-2025 22:09,360.0
05-09-2025 22:14,360.0
05-09-2025 22:19,360.0
05-09-2025 22:24,360.0
05-09-2025 22:29,360.0
05-09-2025 22:34,360.0
05-09-2025 22:39,360.0
05-09-2025 22:44,360.0
05-09-2025 22:49,360.0
05-09-2025 22:54,360.0
05-09-2025 22:59,360.0
05-09-2025 23:04,360.0
05-09-2025 23:09,360.0
05-09-2025 23:14,360.0
05-09-2025 23:19,360.0
05-09-2025 23:24,360.0
05-09-2025 23:29,360.0
05-09-2025 23:34,360.0
05-09-2025 23:39,360.0
05-09-2025 23:44,360.0
05-09-2025 23:49,360.0
05-09-2025 23:54,360.0
05-09-2025 23:59,360.0
06-09-2025 00:05,360.0
06-09-2025 00:10,360.0
06-09-2025 00:15,360.0
06-09-2025 00:20,360.0
06-09-2025 00:25,360.0
06-09-2025 00:30,360.0
06-09-2025 00:35,360.0
06-09-2025 00:40,360.0
06-09-2025 00:45,360.0
06-09-2025 00:50,360.0
06-09-2025 00:55,360.0
06-09-2025 01:00,360.0
06-09-2025 01:05,360.0
06-09-2025 01:10,360.0
06-09-2025 01:15,360.0
06-09-2025 01:20,360.0
06-09-2025 01:25,360.0
06-09-2025 01:30,360.0
06-09-2025 01:35,360.0
06-09-2025 01:40,360.0
06-09-2025 01:45,360.0
06-09-2025 01:50,360.0
06-09-2025 01:55,360.0
06-09-2025 02:00,360.0
06-09-2025 02:05,360.0
06-09-2025 02:10,360.0
06-09-2025 02:15,360.0
06-09-2025 02:20,360.0
06-09-2025 02:25,360.0
06-09-2025 02:30,360.0
06-09-2025 02:35,360.0
06-09-2025 02:40,360.0
06-09-2025 02:45,360.0
06-09-2025 02:50,360.0
06-09-2025 02:55,360.0
06-09-2025 03:00,360.0
06-09-2025 03:05,360.0
06-09-2025 03:10,360.0
06-09-2025 03:15,360.0
06-09-2025 03:20,360.0
06-09-2025 03:25,360.0
06-09-2025 03:30,360.0
06-09-2025 03:35,360.0
06-09-2025 03:40,360.0
06-09-2025 03:45,360.0
06-09-2025 03:50,360.0
06-09-2025 03:55,360.0
06-09-2025 04:00,360.0
06-09-2025 04:05,360.0
06-09-2025 04:10,360.0
06-09-2025 04:15,360.0
06-09-2025 04:20,360.0
06-09-2025 04:25,360.0
06-09-2025 04:30,360.0
06-09-2025 04:36,360.0
06-09-2025 04:41,360.0
06-09-2025 04:46,360.0
06-09-2025 04:51,360.0
06-09-2025 04:56,360.0
06-09-2025 05:01,360.0
06-09-2025 05:06,360.0
06-09-2025 05:11,360.0
06-09-2025 05:16,360.0
06-09-2025 05:21,360.0
06-09-2025 05:26,360.0
06-09-2025 05:31,360.0
06-09-2025 05:36,360.0
06-09-2025 05:41,360.0
06-09-2025 05:46,360.0
06-09-2025 05:51,360.0
06-09-2025 05:56,360.0
06-09-2025 06:01,360.0
06-09-2025 06:06,360.0
06-09-2025 06:11,360.0
06-09-2025 06:16,360.0
06-09-2025 06:21,360.0
06-09-2025 06:26,360.0
06-09-2025 06:31,360.0
06-09-2025 06:36,360.0
06-09-2025 06:41,360.0
06-09-2025 06:46,360.0
06-09-2025 06:51,360.0
06-09-2025 06:56,360.0
06-09-2025 07:01,360.0
06-09-2025 07:06,360.0
06-09-2025 07:11,360.0
06-09-2025 07:16,360.0
06-09-2025 07:21,360.0
06-09-2025 07:26,360.0
06-09-2025 07:31,360.0
06-09-2025 07:36,360.0
06-09-2025 07:41,360.0
06-09-2025 07:46,360.0
06-09-2025 07:51,360.0
06-09-2025 07:56,360.0
06-09-2025 08:01,360.0
06-09-2025 08:06,360.0
06-09-2025 08:11,360.0
06-09-2025 08:16,360.0
06-09-2025 08:21,360.0
06-09-2025 08:26,360.0
06-09-2025 08:31,360.0
06-09-2025 08:36,360.0
06-09-2025 08:41,360.0
06-09-2025 08:46,360.0
06-09-2025 08:51,360.0
06-09-2025 08:56,360.0
06-09-2025 09:01,360.0
06-09-2025 09:06,360.0
06-09-2025 09:12,360.0
06-09-2025 09:17,360.0
06-09-2025 09:22,360.0
06-09-2025 09:27,360.0
06-09-2025 09:32,360.0
06-09-2025 09:37,360.0
06-09-2025 09:42,360.0
06-09-2025 09:47,360.0
06-09-2025 09:52,360.0
06-09-2025 09:57,360.0
06-09-2025 10:02,360.0
06-09-2025 10:07,360.0
06-09-2025 10:12,360.0
06-09-2025 10:17,360.0
06-09-2025 10:22,360.0
06-09-2025 10:27,360.0
06-09-2025 10:32,360.0
06-09-2025 10:37,360.0
06-09-2025 10:42,360.0
06-09-2025 10:47,360.0
06-09-2025 10:52,360.0
06-09-2025 10:57,360.0
06-09-2025 11:02,360.0
06-09-2025 11:07,360.0
06-09-2025 11:12,360.0
06-09-2025 11:17,360.0
06-09-2025 11:22,360.0
06-09-2025 11:27,360.0
06-09-2025 11:32,360.0
06-09-2025 11:37,360.0
06-09-2025 11:42,360.0
06-09-2025 11:47,360.0
06-09-2025 11:52,360.0
06-09-2025 11:57,360.0
06-09-2025 12:02,360.0
06-09-2025 12:07,360.0
06-09-2025 12:12,360.0
06-09-2025 12:17,360.0
06-09-2025 12:22,360.0
06-09-2025 12:27,360.0
06-09-2025 12:32,360.0
06-09-2025 12:37,360.0
06-09-2025 12:42,360.0
06-09-2025 12:47,360.0
06-09-2025 12:52,360.0
06-09-2025 12:57,360.0
06-09-2025 13:02,360.0
06-09-2025 13:07,360.0
06-09-2025 13:12,360.0
06-09-2025 13:17,360.0
06-09-2025 13:22,360.0
06-09-2025 13:27,360.0
06-09-2025 13:32,360.0
06-09-2025 13:37,360.0
06-09-2025 13:43,360.0
06-09-2025 13:48,360.0
06-09-2025 13:53,360.0
06-09-2025 13:58,360.0
06-09-2025 14:03,360.0
06-09-2025 14:08,360.0
06-09-2025 14:13,360.0
06-09-2025 14:18,360.0
06-09-2025 14:23,360.0
06-09-2025 14:28,360.0
06-09-2025 14:33,360.0
06-09-2025 14:38,360.0
06-09-2025 14:43,360.0
06-09-2025 14:48,360.0
06-09-2025 14:53,360.0
06-09-2025 14:58,360.0
06-09-2025 15:03,360.0
06-09-2025 15:08,360.0
06-09-2025 15:13,360.0
06-09-2025 15:18,360.0
06-09-2025 15:23,360.0
06-09-2025 15:28,360.0
06-09-2025 15:33,360.0
06-09-2025 15:38,360.0
06-09-2025 15:43,360.0
06-09-2025 15:48,360.0
06-09-2025 15:53,360.0
06-09-2025 15:58,360.0
06-09-2025 16:03,360.0
06-09-2025 16:08,360.0
06-09-2025 16:13,360.0
06-09-2025 16:18,360.0
06-09-2025 16:23,360.0
06-09-2025 16:28,360.0
06-09-2025 16:33,360.0
06-09-2025 16:38,360.0
06-09-2025 16:43,360.0
06-09-2025 16:48,360.0
06-09-2025 16:53,360.0
06-09-2025 16:58,360.0
06-09-2025 17:03,360.0
06-09-2025 17:08,360.0
06-09-2025 17:13,360.0
06-09-2025 17:18,360.0
06-09-2025 17:23,360.0
06-09-2025 17:28,360.0
06-09-2025 17:33,360.0
06-09-2025 17:38,360.0
06-09-2025 17:43,360.0
06-09-2025 17:48,360.0
06-09-2025 17:53,360.0
06-09-2025 17:58,360.0
06-09-2025 18:03,360.0
06-09-2025 18:08,360.0
06-09-2025 18:14,360.0
06-09-2025 18:19,360.0
06-09-2025 18:24,360.0
06-09-2025 18:29,360.0
06-09-2025 18:34,360.0
06-09-2025 18:39,360.0
06-09-2025 18:44,360.0
06-09-2025 18:49,360.0
06-09-2025 18:54,360.0
06-09-2025 18:59,360.0
06-09-2025 19:04,360.0
06-09-2025 19:09,360.0
06-09-2025 19:14,360.0
06-09-2025 19:19,360.0
06-09-2025 19:24,360.0
06-09-2025 19:29,360.0
06-09-2025 19:34,360.0
06-09-2025 19:39,360.0
06-09-2025 19:44,360.0
06-09-2025 19:49,360.0
06-09-2025 19:54,360.0
06-09-2025 19:59,360.0
06-09-2025 20:04,360.0
06-09-2025 20:09,360.0
06-09-2025 20:14,360.0
06-09-2025 20:19,360.0
06-09-2025 20:24,360.0
06-09-2025 20:29,360.0
06-09-2025 20:34,360.0
06-09-2025 20:39,360.0
06-09-2025 20:44,360.0
06-09-2025 20:49,360.0
06-09-2025 20:54,360.0
06-09-2025 20:59,360.0
06-09-2025 21:04,360.0
06-09-2025 21:09,360.0
06-09-2025 21:14,360.0
06-09-2025 21:19,360.0
06-09-2025 21:24,360.0
06-09-2025 21:29,360.0
06-09-2025 21:34,360.0
06-09-2025 21:39,360.0
06-09-2025 21:44,360.0
06-09-2025 21:49,360.0
06-09-2025 21:54,360.0
06-09-2025 21:59,360.0
06-09-2025 22:04,360.0
06-09-2025 22:09,360.0
06-09-2025 22:14,360.0
06-09-2025 22:19,360.0
06-09-2025 22:24,360.0
06-09-2025 22:29,360.0
06-09-2025 22:34,360.0
06-09-2025 22:39,360.0
06-09-2025 22:44,360.0
06-09-2025 22:50,360.0
06-09-2025 22:55,360.0
06-09-2025 23:00,360.0
06-09-2025 23:05,360.0
06-09-2025 23:10,360.0
06-09-2025 23:15,360.0
06-09-2025 23:20,360.0
06-09-2025 23:25,360.0
06-09-2025 23:30,360.0
06-09-2025 23:35,360.0
06-09-2025 23:40,360.0
06-09-2025 23:45,360.0
06-09-2025 23:50,360.0
06-09-2025 23:55,360.0
07-09-2025 00:00,360.0
07-09-2025 00:05,360.0
07-09-2025 00:10,360.0
07-09-2025 00:15,360.0
07-09-2025 00:20,360.0
07-09-2025 00:25,360.0
07-09-2025 00:30,360.0
07-09-2025 00:35,360.0
07-09-2025 00:40,360.0
07-09-2025 00:45,360.0
07-09-2025 00:50,360.0
07-09-2025 00:55,360.0
07-09-2025 01:00,360.0
07-09-2025 01:05,360.0
07-09-2025 01:10,360.0
07-09-2025 01:15,360.0
07-09-2025 01:20,360.0
07-09-2025 01:25,360.0
07-09-2025 01:30,360.0
07-09-2025 01:35,360.0
07-09-2025 01:40,360.0
07-09-2025 01:45,360.0
07-09-2025 01:50,360.0
07-09-2025 01:55,360.0
07-09-2025 02:00,360.0
07-09-2025 02:05,360.0
07-09-2025 02:10,360.0
07-09-2025 02:15,360.0
07-09-2025 02:20,360.0
07-09-2025 02:25,360.0
07-09-2025 02:30,360.0
07-09-2025 02:35,360.0
07-09-2025 02:40,360.0
07-09-2025 02:45,360.0
07-09-2025 02:50,360.0
07-09-2025 02:55,360.0
07-09-2025 03:00,360.0
07-09-2025 03:05,360.0
07-09-2025 03:10,360.0
07-09-2025 03:15,360.0
07-09-2025 03:21,360.0
07-09-2025 03:26,360.0
07-09-2025 03:31,360.0
07-09-2025 03:36,360.0
07-09-2025 03:41,360.0
07-09-2025 03:46,360.0
07-09-2025 03:51,360.0
07-09-2025 03:56,360.0
07-09-2025 04:01,360.0
07-09-2025 04:06,360.0
07-09-2025 04:11,360.0
07-09-2025 04:16,360.0
07-09-2025 04:21,360.0
07-09-2025 04:26,360.0
07-09-2025 04:31,360.0
07-09-2025 04:36,360.0
07-09-2025 04:41,360.0
07-09-2025 04:46,360.0
07-09-2025 04:51,360.0
07-09-2025 04:56,360.0
07-09-2025 05:01,360.0
07-09-2025 05:06,360.0
07-09-2025 05:11,360.0
07-09-2025 05:16,360.0
07-09-2025 05:21,360.0
07-09-2025 05:26,360.0
07-09-2025 05:31,360.0
07-09-2025 05:36,360.0
07-09-2025 05:41,360.0
07-09-2025 05:46,360.0
07-09-2025 05:51,360.0
07-09-2025 05:56,360.0
07-09-2025 06:01,360.0
07-09-2025 06:06,360.0
07-09-2025 06:11,360.0
07-09-2025 06:16,360.0
07-09-2025 06:21,360.0
07-09-2025 06:26,360.0
07-09-2025 06:31,360.0
07-09-2025 06:36,360.0
07-09-2025 06:41,360.0
07-09-2025 06:46,360.0
07-09-2025 06:51,360.0
07-09-2025 06:56,360.0
07-09-2025 07:01,360.0
07-09-2025 07:06,360.0
07-09-2025 07:11,360.0
07-09-2025 07:16,360.0
07-09-2025 07:21,360.0
07-09-2025 07:26,360.0
07-09-2025 07:31,360.0
07-09-2025 07:36,360.0
07-09-2025 07:41,360.0
07-09-2025 07:46,360.0
07-09-2025 07:51,360.0
07-09-2025 07:57,360.0
07-09-2025 08:02,360.0
07-09-2025 08:07,360.0
07-09-2025 08:12,360.0
07-09-2025 08:17,360.0
07-09-2025 08:22,360.0
07-09-2025 08:27,360.0
07-09-2025 08:32,360.0
07-09-2025 08:37,360.0
07-09-2025 08:42,360.0
07-09-2025 08:47,360.0
07-09-2025 08:52,360.0
07-09-2025 08:57,360.0
07-09-2025 09:02,360.0
07-09-2025 09:07,360.0
07-09-2025 09:12,360.0
07-09-2025 09:17,360.0
07-09-2025 09:22,360.0
07-09-2025 09:27,360.0
07-09-2025 09:32,360.0
07-09-2025 09:37,360.0
07-09-2025 09:42,360.0
07-09-2025 09:47,360.0
07-09-2025 09:52,360.0
07-09-2025 09:57,360.0
07-09-2025 10:02,360.0
07-09-2025 10:07,360.0
07-09-2025 10:12,360.0
07-09-2025 10:17,360.0
07-09-2025 10:22,360.0
07-09-2025 10:27,360.0
07-09-2025 10:32,360.0
07-09-2025 10:37,360.0
07-09-2025 10:42,360.0
07-09-2025 10:47,360.0
07-09-2025 10:52,360.0
07-09-2025 10:57,360.0
07-09-2025 11:02,360.0
07-09-2025 11:07,360.0
07-09-2025 11:12,360.0
07-09-2025 11:17,360.0
07-09-2025 11:22,360.0
07-09-2025 11:27,360.0
07-09-2025 11:32,360.0
07-09-2025 11:37,360.0
07-09-2025 11:42,360.0
07-09-2025 11:47,360.0
07-09-2025 11:52,360.0
07-09-2025 11:57,360.0
07-09-2025 12:02,360.0
07-09-2025 12:07,360.0
07-09-2025 12:12,360.0
07-09-2025 12:17,360.0
07-09-2025 12:22,360.0
07-09-2025 12:28,360.0
07-09-2025 12:33,360.0
07-09-2025 12:38,360.0
07-09-2025 12:43,360.0
07-09-2025 12:48,360.0
07-09-2025 12:53,360.0
07-09-2025 12:58,360.0
07-09-2025 13:03,360.0
07-09-2025 13:08,360.0
07-09-2025 13:13,360.0
07-09-2025 13:18,360.0
07-09-2025 13:23,360.0
07-09-2025 13:28,360.0
07-09-2025 13:33,360.0
07-09-2025 13:38,360.0
07-09-2025 13:43,360.0
07-09-2025 13:48,360.0
07-09-2025 13:53,360.0
07-09-2025 13:58,360.0
07-09-2025 14:03,360.0
07-09-2025 14:08,360.0
07-09-2025 14:13,360.0
07-09-2025 14:18,360.0
07-09-2025 14:23,360.0
07-09-2025 14:28,360.0
07-09-2025 14:33,360.0
07-09-2025 14:38,360.0
07-09-2025 14:43,360.0
07-09-2025 14:48,360.0
07-09-2025 14:53,360.0
07-09-2025 14:58,360.0
07-09-2025 15:03,360.0
07-09-2025 15:08,360.0
07-09-2025 15:13,360.0
07-09-2025 15:18,360.0
07-09-2025 15:23,360.0
07-09-2025 15:28,360.0
07-09-2025 15:33,360.0
07-09-2025 15:38,360.0
07-09-2025 15:43,360.0
07-09-2025 15:48,360.0
07-09-2025 15:53,360.0
07-09-2025 15:58,360.0
07-09-2025 16:03,360.0
07-09-2025 16:08,360.0
07-09-2025 16:13,360.0
07-09-2025 16:18,360.0
07-09-2025 16:23,360.0
07-09-2025 16:28,360.0
07-09-2025 16:33,360.0
07-09-2025 16:38,360.0
07-09-2025 16:43,360.0
07-09-2025 16:48,360.0
07-09-2025 16:53,360.0
07-09-2025 16:58,360.0
07-09-2025 17:04,360.0
07-09-2025 17:09,360.0
07-09-2025 17:14,360.0
07-09-2025 17:19,360.0
07-09-2025 17:24,360.0
07-09-2025 17:29,360.0
07-09-2025 17:34,360.0
07-09-2025 17:39,360.0
07-09-2025 17:44,360.0
07-09-2025 17:49,360.0
07-09-2025 17:54,360.0
07-09-2025 17:59,360.0
07-09-2025 18:04,360.0
07-09-2025 18:09,360.0
07-09-2025 18:14,360.0
07-09-2025 18:19,360.0
07-09-2025 18:24,360.0
07-09-2025 18:29,360.0
07-09-2025 18:34,360.0
07-09-2025 18:39,360.0
07-09-2025 18:44,360.0
07-09-2025 18:49,360.0
07-09-2025 18:54,360.0
07-09-2025 18:59,360.0
07-09-2025 19:04,360.0
07-09-2025 19:09,360.0
07-09-2025 19:14,360.0
07-09-2025 19:19,360.0
07-09-2025 19:24,360.0
07-09-2025 19:29,360.0
07-09-2025 19:34,360.0
07-09-2025 19:39,360.0
07-09-2025 19:44,360.0
07-09-2025 19:49,360.0
07-09-2025 19:54,360.0
07-09-2025 19:59,360.0
07-09-2025 20:04,360.0
07-09-2025 20:09,360.0
07-09-2025 20:14,360.0
07-09-2025 20:19,360.0
07-09-2025 20:24,360.0
07-09-2025 20:29,360.0
07-09-2025 20:34,360.0
07-09-2025 20:39,360.0
07-09-2025 20:44,360.0
07-09-2025 20:49,360.0
07-09-2025 20:54,360.0
07-09-2025 20:59,360.0
07-09-2025 21:04,360.0
07-09-2025 21:09,360.0
07-09-2025 21:14,360.0
07-09-2025 21:19,360.0
07-09-2025 21:24,360.0
07-09-2025 21:29,360.0
07-09-2025 21:35,360.0
07-09-2025 21:40,360.0
07-09-2025 21:45,360.0
07-09-2025 21:50,360.0
07-09-2025 21:55,360.0
07-09-2025 22:00,360.0
07-09-2025 22:05,360.0
07-09-2025 22:10,360.0
07-09-2025 22:15,360.0
07-09-2025 22:20,360.0
07-09-2025 22:25,360.0
07-09-2025 22:30,360.0
07-09-2025 22:35,360.0
07-09-2025 22:40,360.0
07-09-2025 22:45,360.0
07-09-2025 22:50,360.0
07-09-2025 22:55,360.0
07-09-2025 23:00,360.0
07-09-2025 23:05,360.0
07-09-2025 23:10,360.0
07-09-2025 23:15,360.0
07-09-2025 23:20,360.0
07-09-2025 23:25,360.0
07-09-2025 23:30,360.0
07-09-2025 23:35,360.0
07-09-2025 23:40,360.0
07-09-2025 23:45,360.0
07-09-2025 23:50,360.0
07-09-2025 23:55,360.0
08-09-2025 00:00,360.0
08-09-2025 00:05,360.0
08-09-2025 00:10,360.0
08-09-2025 00:15,360.0
08-09-2025 00:20,360.0
08-09-2025 00:25,360.0
08-09-2025 00:30,360.0
08-09-2025 00:35,360.0
08-09-2025 00:40,360.0
08-09-2025 00:45,360.0
08-09-2025 00:50,360.0
08-09-2025 00:55,360.0
08-09-2025 01:00,360.0
08-09-2025 01:05,360.0
08-09-2025 01:10,360.0
08-09-2025 01:15,360.0
08-09-2025 01:20,360.0
08-09-2025 01:25,360.0
08-09-2025 01:30,360.0
08-09-2025 01:35,360.0
08-09-2025 01:40,360.0
08-09-2025 01:45,360.0
08-09-2025 01:50,360.0
08-09-2025 01:55,360.0
08-09-2025 02:00,360.0
08-09-2025 02:05,360.0
08-09-2025 02:11,360.0
08-09-2025 02:16,360.0
08-09-2025 02:21,360.0
08-09-2025 02:26,360.0
08-09-2025 02:31,360.0
08-09-2025 02:36,360.0
08-09-2025 02:41,360.0
08-09-2025 02:46,360.0
08-09-2025 02:51,360.0
08-09-2025 02:56,360.0
08-09-2025 03:01,360.0
08-09-2025 03:06,360.0
08-09-2025 03:11,360.0
08-09-2025 03:16,360.0
08-09-2025 03:21,360.0
08-09-2025 03:26,360.0
08-09-2025 03:31,360.0
08-09-2025 03:36,360.0
08-09-2025 03:41,360.0
08-09-2025 03:46,360.0
08-09-2025 03:51,360.0
08-09-2025 03:56,360.0
08-09-2025 04:01,360.0
08-09-2025 04:06,360.0
08-09-2025 04:11,360.0
08-09-2025 04:16,360.0
08-09-2025 04:21,360.0
08-09-2025 04:26,360.0
08-09-2025 04:31,360.0
08-09-2025 04:36,360.0
08-09-2025 04:41,360.0
08-09-2025 04:46,360.0
08-09-2025 04:51,360.0
08-09-2025 04:56,360.0
08-09-2025 05:01,360.0
08-09-2025 05:06,360.0
08-09-2025 05:11,360.0
08-09-2025 05:16,360.0
08-09-2025 05:21,360.0
08-09-2025 05:26,360.0
08-09-2025 05:31,360.0
08-09-2025 05:36,360.0
08-09-2025 05:41,360.0
08-09-2025 05:46,360.0
08-09-2025 05:51,360.0
08-09-2025 05:56,360.0
08-09-2025 06:01,360.0
08-09-2025 06:06,360.0
08-09-2025 06:11,360.0
08-09-2025 06:16,360.0
08-09-2025 06:21,360.0
08-09-2025 06:26,360.0
08-09-2025 06:31,360.0
08-09-2025 06:36,360.0
08-09-2025 06:42,360.0
08-09-2025 06:47,360.0
08-09-2025 06:52,360.0
08-09-2025 06:57,360.0
08-09-2025 07:02,360.0
08-09-2025 07:07,360.0
08-09-2025 07:12,360.0
08-09-2025 07:17,360.0
08-09-2025 07:22,360.0
08-09-2025 07:27,360.0
08-09-2025 07:32,360.0
08-09-2025 07:37,360.0
08-09-2025 07:42,360.0
08-09-2025 07:47,360.0
08-09-2025 07:52,360.0
08-09-2025 07:57,360.0
08-09-2025 08:02,360.0
08-09-2025 08:07,360.0
08-09-2025 08:12,360.0
08-09-2025 08:17,360.0
08-09-2025 08:22,360.0
08-09-2025 08:27,360.0
08-09-2025 08:32,360.0
08-09-2025 08:37,360.0
08-09-2025 08:42,360.0
08-09-2025 08:47,360.0
08-09-2025 08:52,360.0
08-09-2025 08:57,360.0
08-09-2025 09:02,360.0
08-09-2025 09:07,360.0
08-09-2025 09:12,360.0
08-09-2025 09:17,360.0
08-09-2025 09:22,360.0
08-09-2025 09:27,360.0
08-09-2025 09:32,360.0
08-09-2025 09:37,360.0
08-09-2025 09:42,360.0
08-09-2025 09:47,360.0
08-09-2025 09:52,360.0
08-09-2025 09:57,360.0
08-09-2025 10:02,360.0
08-09-2025 10:07,360.0
08-09-2025 10:12,360.0
08-09-2025 10:17,360.0
08-09-2025 10:22,360.0
08-09-2025 10:27,360.0
08-09-2025 10:32,360.0
08-09-2025 10:37,360.0
08-09-2025 10:42,360.0
08-09-2025 10:47,360.0
08-09-2025 10:52,360.0
08-09-2025 10:57,360.0
08-09-2025 11:02,360.0
08-09-2025 11:07,360.0
08-09-2025 11:13,360.0
08-09-2025 11:18,360.0
08-09-2025 11:23,360.0
08-09-2025 11:28,360.0
08-09-2025 11:33,360.0
08-09-2025 11:38,360.0
08-09-2025 11:43,360.0
08-09-2025 11:48,360.0
08-09-2025 11:53,360.0
08-09-2025 11:58,360.0
08-09-2025 12:03,360.0
08-09-2025 12:08,360.0
08-09-2025 12:13,360.0
08-09-2025 12:18,360.0
08-09-2025 12:23,360.0
08-09-2025 12:28,360.0
08-09-2025 12:33,360.0
08-09-2025 12:38,360.0
08-09-2025 12:43,360.0
08-09-2025 12:48,360.0
08-09-2025 12:53,360.0
08-09-2025 12:58,360.0
08-09-2025 13:03,360.0
08-09-2025 13:08,360.0
08-09-2025 13:13,360.0
08-09-2025 13:18,360.0
08-09-2025 13:23,360.0
08-09-2025 13:28,360.0
08-09-2025 13:33,360.0
08-09-2025 13:38,360.0
08-09-2025 13:43,360.0
08-09-2025 13:48,360.0
08-09-2025 13:53,360.0
08-09-2025 13:58,360.0
08-09-2025 14:03,360.0
08-09-2025 14:08,360.0
08-09-2025 14:13,360.0
08-09-2025 14:18,360.0
08-09-2025 14:23,360.0
08-09-2025 14:28,360.0
08-09-2025 14:33,360.0
08-09-2025 14:38,360.0
08-09-2025 14:43,360.0
08-09-2025 14:48,360.0
08-09-2025 14:53,360.0
08-09-2025 14:58,360.0
08-09-2025 15:03,360.0
08-09-2025 15:08,360.0
08-09-2025 15:13,360.0
08-09-2025 15:18,360.0
08-09-2025 15:23,360.0
08-09-2025 15:28,360.0
08-09-2025 15:33,360.0
08-09-2025 15:38,360.0
08-09-2025 15:43,360.0
08-09-2025 15:49,360.0
08-09-2025 15:54,360.0
08-09-2025 15:59,360.0
08-09-2025 16:04,360.0
08-09-2025 16:09,360.0
08-09-2025 16:14,360.0
08-09-2025 16:14,360.0
08-09-2025 16:19,360.0
08-09-2025 16:24,360.0
08-09-2025 16:29,360.0
08-09-2025 16:34,326.0
08-09-2025 16:39,183.6
08-09-2025 16:44,183.6
08-09-2025 16:49,183.6
08-09-2025 16:54,183.6
08-09-2025 16:59,183.6
08-09-2025 17:04,184.1
08-09-2025 17:09,183.6
08-09-2025 17:15,284.9
08-09-2025 17:20,239.6
08-09-2025 17:24,239.6
08-09-2025 17:29,239.6
08-09-2025 17:34,239.6
08-09-2025 17:39,239.6
08-09-2025 17:39,239.6
08-09-2025 17:45,239.6
08-09-2025 17:45,239.6
08-09-2025 17:50,239.6
08-09-2025 17:53,239.6
08-09-2025 17:58,239.6
08-09-2025 18:03,239.6
08-09-2025 18:08,239.6
08-09-2025 18:13,239.6
08-09-2025 18:18,239.6
08-09-2025 18:19,239.6
08-09-2025 18:22,239.6
08-09-2025 18:24,239.6
08-09-2025 18:30,239.6
08-09-2025 18:35,239.6
08-09-2025 18:40,239.6
